{
    "account": {
        "signup_time": "2023-12-16 21:51:57.479478",
        "last_seen": "2025-02-24 16:17:12.79768",
        "device_platform": "android",
        "device_os": "15",
        "device_model": "Pixel 8",
        "app_version": "9.67.0",
        "push_notifications_enabled": true,
        "last_uninstall_time": "2024-07-30 12:17:41"
    },
    "devices": [
        {
            "ip_address": "128.59.178.215",
            "device_model": "Pixel 8",
            "device_platform": "android",
            "device_os_versions": "14"
        },
        {
            "ip_address": "128.59.177.50",
            "device_model": "Pixel 8",
            "device_platform": "android",
            "device_os_versions": "15"
        },
        {
            "ip_address": "128.59.178.83",
            "device_model": "Pixel 8",
            "device_platform": "android",
            "device_os_versions": "14"
        },
        {
            "ip_address": "172.56.164.174",
            "device_model": "Pixel 8",
            "device_platform": "android",
            "device_os_versions": "14"
        },
        {
            "ip_address": "160.39.29.239",
            "device_model": "Pixel 8",
            "device_platform": "android",
            "device_os_versions": "14, 15"
        },
        {
            "ip_address": "172.56.165.242",
            "device_model": "Pixel 8",
            "device_platform": "android",
            "device_os_versions": "14"
        },
        {
            "ip_address": "172.56.161.0",
            "device_model": "Pixel 8",
            "device_platform": "android",
            "device_os_versions": "14"
        },
        {
            "ip_address": "172.56.197.65",
            "device_model": "Pixel 8",
            "device_platform": "android",
            "device_os_versions": "14"
        },
        {
            "ip_address": "172.56.161.37",
            "device_model": "Pixel 8",
            "device_platform": "android",
            "device_os_versions": "15"
        },
        {
            "ip_address": "172.56.216.157",
            "device_model": "Pixel 8",
            "device_platform": "android",
            "device_os_versions": "14"
        },
        {
            "ip_address": "172.56.167.211",
            "device_model": "Pixel 8",
            "device_platform": "android",
            "device_os_versions": "15"
        },
        {
            "ip_address": "172.56.221.140",
            "device_model": "Pixel 8",
            "device_platform": "android",
            "device_os_versions": "14"
        },
        {
            "ip_address": "42.108.74.220",
            "device_model": "ONEPLUS A6010",
            "device_platform": "android",
            "device_os_versions": "11"
        },
        {
            "ip_address": "172.59.215.90",
            "device_model": "Pixel 8",
            "device_platform": "android",
            "device_os_versions": "14"
        },
        {
            "ip_address": "49.205.137.93",
            "device_model": "ONEPLUS A6010",
            "device_platform": "android",
            "device_os_versions": "11"
        },
        {
            "ip_address": "49.205.139.169",
            "device_model": "ONEPLUS A6010",
            "device_platform": "android",
            "device_os_versions": "11"
        },
        {
            "ip_address": "64.18.11.0",
            "device_model": "Pixel 8",
            "device_platform": "android",
            "device_os_versions": "14"
        },
        {
            "ip_address": "49.205.143.249",
            "device_model": "ONEPLUS A6010",
            "device_platform": "android",
            "device_os_versions": "11"
        },
        {
            "ip_address": "103.238.108.68",
            "device_model": "ONEPLUS A6010",
            "device_platform": "android",
            "device_os_versions": "11"
        },
        {
            "ip_address": "128.59.177.197",
            "device_model": "Pixel 8",
            "device_platform": "android",
            "device_os_versions": "15"
        },
        {
            "ip_address": "128.59.178.112",
            "device_model": "Pixel 8",
            "device_platform": "android",
            "device_os_versions": "15"
        },
        {
            "ip_address": "128.59.176.137",
            "device_model": "Pixel 8",
            "device_platform": "android",
            "device_os_versions": "15"
        },
        {
            "ip_address": "160.39.19.115",
            "device_model": "Pixel 8",
            "device_platform": "android",
            "device_os_versions": "15"
        },
        {
            "ip_address": "128.59.176.202",
            "device_model": "Pixel 8",
            "device_platform": "android",
            "device_os_versions": "14"
        },
        {
            "ip_address": "128.59.178.194",
            "device_model": "Pixel 8",
            "device_platform": "android",
            "device_os_versions": "15"
        },
        {
            "ip_address": "172.56.164.116",
            "device_model": "Pixel 8",
            "device_platform": "android",
            "device_os_versions": "14"
        },
        {
            "ip_address": "128.59.176.221",
            "device_model": "Pixel 8",
            "device_platform": "android",
            "device_os_versions": "14"
        },
        {
            "ip_address": "172.56.192.181",
            "device_model": "Pixel 8",
            "device_platform": "android",
            "device_os_versions": "14"
        },
        {
            "ip_address": "128.59.179.142",
            "device_model": "Pixel 8",
            "device_platform": "android",
            "device_os_versions": "14"
        },
        {
            "ip_address": "172.56.160.246",
            "device_model": "Pixel 8",
            "device_platform": "android",
            "device_os_versions": "15"
        },
        {
            "ip_address": "172.56.192.94",
            "device_model": "Pixel 8",
            "device_platform": "android",
            "device_os_versions": "14"
        },
        {
            "ip_address": "128.59.177.77",
            "device_model": "Pixel 8",
            "device_platform": "android",
            "device_os_versions": "14"
        },
        {
            "ip_address": "172.59.215.177",
            "device_model": "Pixel 8",
            "device_platform": "android",
            "device_os_versions": "15"
        },
        {
            "ip_address": "128.59.179.178",
            "device_model": "Pixel 8",
            "device_platform": "android",
            "device_os_versions": "14"
        },
        {
            "ip_address": "172.56.195.217",
            "device_model": "Pixel 8",
            "device_platform": "android",
            "device_os_versions": "14"
        },
        {
            "ip_address": "172.56.193.152",
            "device_model": "Pixel 8",
            "device_platform": "android",
            "device_os_versions": "14"
        },
        {
            "ip_address": "172.56.28.110",
            "device_model": "Pixel 8",
            "device_platform": "android",
            "device_os_versions": "14"
        },
        {
            "ip_address": "42.106.218.81",
            "device_model": "ONEPLUS A6010",
            "device_platform": "android",
            "device_os_versions": "11"
        },
        {
            "ip_address": "172.56.216.233",
            "device_model": "Pixel 8",
            "device_platform": "android",
            "device_os_versions": "14"
        },
        {
            "ip_address": "172.56.199.114",
            "device_model": "Pixel 8",
            "device_platform": "android",
            "device_os_versions": "14"
        },
        {
            "ip_address": "42.106.238.231",
            "device_model": "ONEPLUS A6010",
            "device_platform": "android",
            "device_os_versions": "11"
        },
        {
            "ip_address": "172.56.35.90",
            "device_model": "Pixel 8",
            "device_platform": "android",
            "device_os_versions": "15"
        },
        {
            "ip_address": "49.205.141.177",
            "device_model": "ONEPLUS A6010",
            "device_platform": "android",
            "device_os_versions": "11"
        },
        {
            "ip_address": "172.56.217.131",
            "device_model": "Pixel 8",
            "device_platform": "android",
            "device_os_versions": "14"
        },
        {
            "ip_address": "172.56.217.255",
            "device_model": "Pixel 8",
            "device_platform": "android",
            "device_os_versions": "14"
        },
        {
            "ip_address": "42.106.249.14",
            "device_model": "ONEPLUS A6010",
            "device_platform": "android",
            "device_os_versions": "11"
        },
        {
            "ip_address": "64.18.11.7",
            "device_model": "Pixel 8",
            "device_platform": "android",
            "device_os_versions": "14"
        },
        {
            "ip_address": "172.56.218.70",
            "device_model": "Pixel 8",
            "device_platform": "android",
            "device_os_versions": "14"
        },
        {
            "ip_address": "172.56.162.133",
            "device_model": "Pixel 8",
            "device_platform": "android",
            "device_os_versions": "15"
        },
        {
            "ip_address": "42.106.249.190",
            "device_model": "ONEPLUS A6010",
            "device_platform": "android",
            "device_os_versions": "11"
        },
        {
            "ip_address": "103.238.108.71",
            "device_model": "Pixel 8",
            "device_platform": "android",
            "device_os_versions": "14"
        },
        {
            "ip_address": "172.56.34.139",
            "device_model": "Pixel 8",
            "device_platform": "android",
            "device_os_versions": "15"
        },
        {
            "ip_address": "172.56.194.80",
            "device_model": "Pixel 8",
            "device_platform": "android",
            "device_os_versions": "14"
        },
        {
            "ip_address": "42.108.77.133",
            "device_model": "Pixel 8",
            "device_platform": "android",
            "device_os_versions": "14"
        },
        {
            "ip_address": "128.59.178.76",
            "device_model": "Pixel 8",
            "device_platform": "android",
            "device_os_versions": "14"
        },
        {
            "ip_address": "24.168.120.215",
            "device_model": "Pixel 8",
            "device_platform": "android",
            "device_os_versions": "14"
        },
        {
            "ip_address": "172.56.35.54",
            "device_model": "Pixel 8",
            "device_platform": "android",
            "device_os_versions": "15"
        },
        {
            "ip_address": "49.205.138.72",
            "device_model": "ONEPLUS A6010",
            "device_platform": "android",
            "device_os_versions": "11"
        },
        {
            "ip_address": "172.56.195.229",
            "device_model": "Pixel 8",
            "device_platform": "android",
            "device_os_versions": "14"
        },
        {
            "ip_address": "49.205.137.116",
            "device_model": "ONEPLUS A6010",
            "device_platform": "android",
            "device_os_versions": "11"
        },
        {
            "ip_address": "172.58.231.222",
            "device_model": "Pixel 8",
            "device_platform": "android",
            "device_os_versions": "14"
        },
        {
            "ip_address": "172.59.211.148",
            "device_model": "Pixel 8",
            "device_platform": "android",
            "device_os_versions": "14"
        },
        {
            "ip_address": "172.56.35.200",
            "device_model": "Pixel 8",
            "device_platform": "android",
            "device_os_versions": "15"
        },
        {
            "ip_address": "49.205.143.180",
            "device_model": "ONEPLUS A6010",
            "device_platform": "android",
            "device_os_versions": "11"
        },
        {
            "ip_address": "49.205.137.64",
            "device_model": "ONEPLUS A6010",
            "device_platform": "android",
            "device_os_versions": "11"
        },
        {
            "ip_address": "172.59.213.230",
            "device_model": "Pixel 8",
            "device_platform": "android",
            "device_os_versions": "14"
        },
        {
            "ip_address": "172.59.214.167",
            "device_model": "Pixel 8",
            "device_platform": "android",
            "device_os_versions": "14"
        },
        {
            "ip_address": "49.205.141.219",
            "device_model": "ONEPLUS A6010",
            "device_platform": "android",
            "device_os_versions": "11"
        },
        {
            "ip_address": "128.59.177.20",
            "device_model": "Pixel 8",
            "device_platform": "android",
            "device_os_versions": "14"
        },
        {
            "ip_address": "42.106.237.88",
            "device_model": "ONEPLUS A6010",
            "device_platform": "android",
            "device_os_versions": "11"
        },
        {
            "ip_address": "128.59.176.172",
            "device_model": "Pixel 8",
            "device_platform": "android",
            "device_os_versions": "14"
        },
        {
            "ip_address": "172.56.166.243",
            "device_model": "Pixel 8",
            "device_platform": "android",
            "device_os_versions": "15"
        },
        {
            "ip_address": "49.205.136.205",
            "device_model": "ONEPLUS A6010",
            "device_platform": "android",
            "device_os_versions": "11"
        },
        {
            "ip_address": "172.56.162.219",
            "device_model": "Pixel 8",
            "device_platform": "android",
            "device_os_versions": "15"
        },
        {
            "ip_address": "172.56.196.53",
            "device_model": "Pixel 8",
            "device_platform": "android",
            "device_os_versions": "14"
        },
        {
            "ip_address": "128.59.177.11",
            "device_model": "Pixel 8",
            "device_platform": "android",
            "device_os_versions": "15"
        },
        {
            "ip_address": "172.56.163.91",
            "device_model": "Pixel 8",
            "device_platform": "android",
            "device_os_versions": "14"
        },
        {
            "ip_address": "172.56.216.185",
            "device_model": "Pixel 8",
            "device_platform": "android",
            "device_os_versions": "14"
        },
        {
            "ip_address": "128.59.179.181",
            "device_model": "Pixel 8",
            "device_platform": "android",
            "device_os_versions": "15"
        },
        {
            "ip_address": "172.59.212.146",
            "device_model": "Pixel 8",
            "device_platform": "android",
            "device_os_versions": "14"
        },
        {
            "ip_address": "172.56.221.179",
            "device_model": "Pixel 8",
            "device_platform": "android",
            "device_os_versions": "14"
        },
        {
            "ip_address": "172.59.210.198",
            "device_model": "Pixel 8",
            "device_platform": "android",
            "device_os_versions": "15"
        },
        {
            "ip_address": "49.205.143.111",
            "device_model": "ONEPLUS A6010",
            "device_platform": "android",
            "device_os_versions": "11"
        },
        {
            "ip_address": "172.59.215.50",
            "device_model": "Pixel 8",
            "device_platform": "android",
            "device_os_versions": "14"
        },
        {
            "ip_address": "42.106.205.210",
            "device_model": "ONEPLUS A6010",
            "device_platform": "android",
            "device_os_versions": "11"
        },
        {
            "ip_address": "172.56.195.83",
            "device_model": "Pixel 8",
            "device_platform": "android",
            "device_os_versions": "14"
        },
        {
            "ip_address": "42.108.74.162",
            "device_model": "ONEPLUS A6010",
            "device_platform": "android",
            "device_os_versions": "11"
        },
        {
            "ip_address": "64.18.11.10",
            "device_model": "Pixel 8",
            "device_platform": "android",
            "device_os_versions": "14"
        },
        {
            "ip_address": "172.56.219.242",
            "device_model": "Pixel 8",
            "device_platform": "android",
            "device_os_versions": "14"
        },
        {
            "ip_address": "49.205.143.245",
            "device_model": "ONEPLUS A6010",
            "device_platform": "android",
            "device_os_versions": "11"
        },
        {
            "ip_address": "172.56.161.101",
            "device_model": "Pixel 8",
            "device_platform": "android",
            "device_os_versions": "15"
        },
        {
            "ip_address": "42.106.250.33",
            "device_model": "ONEPLUS A6010",
            "device_platform": "android",
            "device_os_versions": "11"
        },
        {
            "ip_address": "98.110.16.178",
            "device_model": "Pixel 8",
            "device_platform": "android",
            "device_os_versions": "14"
        },
        {
            "ip_address": "172.56.161.58",
            "device_model": "Pixel 8",
            "device_platform": "android",
            "device_os_versions": "14"
        },
        {
            "ip_address": "128.59.178.187",
            "device_model": "Pixel 8",
            "device_platform": "android",
            "device_os_versions": "15"
        },
        {
            "ip_address": "1.38.125.50",
            "device_model": "ONEPLUS A6010",
            "device_platform": "android",
            "device_os_versions": "11"
        },
        {
            "ip_address": "172.56.35.21",
            "device_model": "Pixel 8",
            "device_platform": "android",
            "device_os_versions": "15"
        },
        {
            "ip_address": "172.56.162.185",
            "device_model": "Pixel 8",
            "device_platform": "android",
            "device_os_versions": "14"
        },
        {
            "ip_address": "172.56.160.27",
            "device_model": "Pixel 8",
            "device_platform": "android",
            "device_os_versions": "14"
        },
        {
            "ip_address": "49.205.137.48",
            "device_model": "ONEPLUS A6010",
            "device_platform": "android",
            "device_os_versions": "11"
        },
        {
            "ip_address": "172.56.194.15",
            "device_model": "Pixel 8",
            "device_platform": "android",
            "device_os_versions": "14"
        },
        {
            "ip_address": "172.56.193.56",
            "device_model": "Pixel 8",
            "device_platform": "android",
            "device_os_versions": "14"
        },
        {
            "ip_address": "49.205.143.182",
            "device_model": "CPH2467",
            "device_platform": "android",
            "device_os_versions": "14"
        },
        {
            "ip_address": "172.56.222.155",
            "device_model": "Pixel 8",
            "device_platform": "android",
            "device_os_versions": "15"
        },
        {
            "ip_address": "172.56.216.207",
            "device_model": "Pixel 8",
            "device_platform": "android",
            "device_os_versions": "14"
        },
        {
            "ip_address": "172.59.208.249",
            "device_model": "Pixel 8",
            "device_platform": "android",
            "device_os_versions": "14"
        },
        {
            "ip_address": "172.59.212.171",
            "device_model": "Pixel 8",
            "device_platform": "android",
            "device_os_versions": "14"
        },
        {
            "ip_address": "42.108.74.206",
            "device_model": "ONEPLUS A6010",
            "device_platform": "android",
            "device_os_versions": "11"
        },
        {
            "ip_address": "49.205.139.2",
            "device_model": "ONEPLUS A6010",
            "device_platform": "android",
            "device_os_versions": "11"
        },
        {
            "ip_address": "103.238.108.68",
            "device_model": "Pixel 8",
            "device_platform": "android",
            "device_os_versions": "14"
        },
        {
            "ip_address": "172.56.167.253",
            "device_model": "Pixel 8",
            "device_platform": "android",
            "device_os_versions": "14"
        },
        {
            "ip_address": "128.59.177.107",
            "device_model": "Pixel 8",
            "device_platform": "android",
            "device_os_versions": "15"
        },
        {
            "ip_address": "172.59.210.222",
            "device_model": "Pixel 8",
            "device_platform": "android",
            "device_os_versions": "14"
        },
        {
            "ip_address": "172.56.162.54",
            "device_model": "Pixel 8",
            "device_platform": "android",
            "device_os_versions": "14"
        },
        {
            "ip_address": "42.108.76.84",
            "device_model": "ONEPLUS A6010",
            "device_platform": "android",
            "device_os_versions": "11"
        },
        {
            "ip_address": "172.56.167.109",
            "device_model": "Pixel 8",
            "device_platform": "android",
            "device_os_versions": "14"
        },
        {
            "ip_address": "1.38.124.22",
            "device_model": "ONEPLUS A6010",
            "device_platform": "android",
            "device_os_versions": "11"
        },
        {
            "ip_address": "172.56.192.118",
            "device_model": "Pixel 8",
            "device_platform": "android",
            "device_os_versions": "14"
        },
        {
            "ip_address": "128.59.179.180",
            "device_model": "Pixel 8",
            "device_platform": "android",
            "device_os_versions": "14"
        },
        {
            "ip_address": "172.56.29.199",
            "device_model": "Pixel 8",
            "device_platform": "android",
            "device_os_versions": "15"
        },
        {
            "ip_address": "172.56.194.233",
            "device_model": "Pixel 8",
            "device_platform": "android",
            "device_os_versions": "14"
        },
        {
            "ip_address": "172.58.229.42",
            "device_model": "Pixel 8",
            "device_platform": "android",
            "device_os_versions": "14"
        },
        {
            "ip_address": "172.56.197.60",
            "device_model": "Pixel 8",
            "device_platform": "android",
            "device_os_versions": "14"
        },
        {
            "ip_address": "42.106.237.137",
            "device_model": "ONEPLUS A6010",
            "device_platform": "android",
            "device_os_versions": "11"
        },
        {
            "ip_address": "42.106.205.134",
            "device_model": "ONEPLUS A6010",
            "device_platform": "android",
            "device_os_versions": "11"
        },
        {
            "ip_address": "49.205.137.242",
            "device_model": "ONEPLUS A6010",
            "device_platform": "android",
            "device_os_versions": "11"
        },
        {
            "ip_address": "42.106.217.222",
            "device_model": "ONEPLUS A6010",
            "device_platform": "android",
            "device_os_versions": "11"
        },
        {
            "ip_address": "1.38.123.22",
            "device_model": "ONEPLUS A6010",
            "device_platform": "android",
            "device_os_versions": "11"
        },
        {
            "ip_address": "49.205.140.217",
            "device_model": "ONEPLUS A6010",
            "device_platform": "android",
            "device_os_versions": "11"
        },
        {
            "ip_address": "172.56.216.181",
            "device_model": "Pixel 8",
            "device_platform": "android",
            "device_os_versions": "14"
        },
        {
            "ip_address": "172.56.165.47",
            "device_model": "Pixel 8",
            "device_platform": "android",
            "device_os_versions": "14"
        },
        {
            "ip_address": "172.56.216.213",
            "device_model": "Pixel 8",
            "device_platform": "android",
            "device_os_versions": "14"
        },
        {
            "ip_address": "172.56.167.141",
            "device_model": "Pixel 8",
            "device_platform": "android",
            "device_os_versions": "15"
        },
        {
            "ip_address": "172.56.218.162",
            "device_model": "Pixel 8",
            "device_platform": "android",
            "device_os_versions": "15"
        },
        {
            "ip_address": "172.56.195.20",
            "device_model": "Pixel 8",
            "device_platform": "android",
            "device_os_versions": "14"
        },
        {
            "ip_address": "172.56.35.103",
            "device_model": "Pixel 8",
            "device_platform": "android",
            "device_os_versions": "15"
        },
        {
            "ip_address": "172.56.197.249",
            "device_model": "Pixel 8",
            "device_platform": "android",
            "device_os_versions": "14"
        },
        {
            "ip_address": "172.56.35.192",
            "device_model": "Pixel 8",
            "device_platform": "android",
            "device_os_versions": "15"
        },
        {
            "ip_address": "172.56.35.172",
            "device_model": "Pixel 8",
            "device_platform": "android",
            "device_os_versions": "15"
        },
        {
            "ip_address": "172.59.211.70",
            "device_model": "Pixel 8",
            "device_platform": "android",
            "device_os_versions": "14"
        },
        {
            "ip_address": "172.59.210.80",
            "device_model": "Pixel 8",
            "device_platform": "android",
            "device_os_versions": "15"
        },
        {
            "ip_address": "172.59.215.94",
            "device_model": "Pixel 8",
            "device_platform": "android",
            "device_os_versions": "14"
        },
        {
            "ip_address": "172.59.211.202",
            "device_model": "Pixel 8",
            "device_platform": "android",
            "device_os_versions": "15"
        },
        {
            "ip_address": "172.56.162.228",
            "device_model": "Pixel 8",
            "device_platform": "android",
            "device_os_versions": "15"
        },
        {
            "ip_address": "42.108.74.86",
            "device_model": "Pixel 8",
            "device_platform": "android",
            "device_os_versions": "14"
        },
        {
            "ip_address": "172.56.195.247",
            "device_model": "Pixel 8",
            "device_platform": "android",
            "device_os_versions": "15"
        },
        {
            "ip_address": "128.59.176.103",
            "device_model": "Pixel 8",
            "device_platform": "android",
            "device_os_versions": "14"
        },
        {
            "ip_address": "172.56.35.235",
            "device_model": "Pixel 8",
            "device_platform": "android",
            "device_os_versions": "15"
        },
        {
            "ip_address": "128.59.178.6",
            "device_model": "Pixel 8",
            "device_platform": "android",
            "device_os_versions": "15"
        },
        {
            "ip_address": "42.106.237.10",
            "device_model": "Pixel 8",
            "device_platform": "android",
            "device_os_versions": "14"
        },
        {
            "ip_address": "172.56.160.243",
            "device_model": "Pixel 8",
            "device_platform": "android",
            "device_os_versions": "14"
        },
        {
            "ip_address": "67.243.130.15",
            "device_model": "Pixel 8",
            "device_platform": "android",
            "device_os_versions": "14"
        },
        {
            "ip_address": "172.56.160.85",
            "device_model": "Pixel 8",
            "device_platform": "android",
            "device_os_versions": "15"
        },
        {
            "ip_address": "128.59.178.7",
            "device_model": "Pixel 8",
            "device_platform": "android",
            "device_os_versions": "15"
        },
        {
            "ip_address": "172.56.161.181",
            "device_model": "Pixel 8",
            "device_platform": "android",
            "device_os_versions": "14"
        },
        {
            "ip_address": "172.56.163.61",
            "device_model": "Pixel 8",
            "device_platform": "android",
            "device_os_versions": "15"
        },
        {
            "ip_address": "172.59.208.119",
            "device_model": "Pixel 8",
            "device_platform": "android",
            "device_os_versions": "14"
        },
        {
            "ip_address": "172.56.164.204",
            "device_model": "Pixel 8",
            "device_platform": "android",
            "device_os_versions": "14"
        },
        {
            "ip_address": "172.59.211.14",
            "device_model": "Pixel 8",
            "device_platform": "android",
            "device_os_versions": "14"
        },
        {
            "ip_address": "172.56.216.177",
            "device_model": "Pixel 8",
            "device_platform": "android",
            "device_os_versions": "14"
        },
        {
            "ip_address": "172.59.215.105",
            "device_model": "Pixel 8",
            "device_platform": "android",
            "device_os_versions": "14"
        },
        {
            "ip_address": "172.59.210.224",
            "device_model": "Pixel 8",
            "device_platform": "android",
            "device_os_versions": "14"
        },
        {
            "ip_address": "42.106.217.223",
            "device_model": "ONEPLUS A6010",
            "device_platform": "android",
            "device_os_versions": "11"
        },
        {
            "ip_address": "103.238.108.70",
            "device_model": "Pixel 8",
            "device_platform": "android",
            "device_os_versions": "14"
        },
        {
            "ip_address": "42.108.77.26",
            "device_model": "Pixel 8",
            "device_platform": "android",
            "device_os_versions": "14"
        },
        {
            "ip_address": "128.59.177.216",
            "device_model": "Pixel 8",
            "device_platform": "android",
            "device_os_versions": "14"
        },
        {
            "ip_address": "49.205.137.38",
            "device_model": "ONEPLUS A6010",
            "device_platform": "android",
            "device_os_versions": "11"
        },
        {
            "ip_address": "172.56.195.138",
            "device_model": "Pixel 8",
            "device_platform": "android",
            "device_os_versions": "14"
        },
        {
            "ip_address": "128.59.178.78",
            "device_model": "Pixel 8",
            "device_platform": "android",
            "device_os_versions": "14"
        },
        {
            "ip_address": "172.59.208.5",
            "device_model": "Pixel 8",
            "device_platform": "android",
            "device_os_versions": "14"
        },
        {
            "ip_address": "172.56.161.184",
            "device_model": "Pixel 8",
            "device_platform": "android",
            "device_os_versions": "14"
        },
        {
            "ip_address": "172.59.212.28",
            "device_model": "Pixel 8",
            "device_platform": "android",
            "device_os_versions": "14"
        },
        {
            "ip_address": "172.56.192.137",
            "device_model": "Pixel 8",
            "device_platform": "android",
            "device_os_versions": "14"
        },
        {
            "ip_address": "172.59.214.95",
            "device_model": "Pixel 8",
            "device_platform": "android",
            "device_os_versions": "14"
        },
        {
            "ip_address": "172.56.195.240",
            "device_model": "Pixel 8",
            "device_platform": "android",
            "device_os_versions": "14"
        },
        {
            "ip_address": "62.30.116.229",
            "device_model": "ONEPLUS A6010",
            "device_platform": "android",
            "device_os_versions": "11"
        },
        {
            "ip_address": "172.56.218.148",
            "device_model": "Pixel 8",
            "device_platform": "android",
            "device_os_versions": "15"
        },
        {
            "ip_address": "172.56.163.144",
            "device_model": "Pixel 8",
            "device_platform": "android",
            "device_os_versions": "14"
        },
        {
            "ip_address": "172.56.219.101",
            "device_model": "Pixel 8",
            "device_platform": "android",
            "device_os_versions": "14"
        },
        {
            "ip_address": "172.56.167.192",
            "device_model": "Pixel 8",
            "device_platform": "android",
            "device_os_versions": "14"
        },
        {
            "ip_address": "172.56.219.137",
            "device_model": "Pixel 8",
            "device_platform": "android",
            "device_os_versions": "14"
        },
        {
            "ip_address": "172.56.167.60",
            "device_model": "Pixel 8",
            "device_platform": "android",
            "device_os_versions": "14"
        },
        {
            "ip_address": "172.56.222.192",
            "device_model": "Pixel 8",
            "device_platform": "android",
            "device_os_versions": "15"
        },
        {
            "ip_address": "172.56.195.99",
            "device_model": "Pixel 8",
            "device_platform": "android",
            "device_os_versions": "14"
        },
        {
            "ip_address": "172.56.223.178",
            "device_model": "Pixel 8",
            "device_platform": "android",
            "device_os_versions": "14"
        },
        {
            "ip_address": "172.56.196.248",
            "device_model": "Pixel 8",
            "device_platform": "android",
            "device_os_versions": "15"
        },
        {
            "ip_address": "172.56.34.219",
            "device_model": "Pixel 8",
            "device_platform": "android",
            "device_os_versions": "14"
        },
        {
            "ip_address": "172.56.197.44",
            "device_model": "Pixel 8",
            "device_platform": "android",
            "device_os_versions": "14"
        },
        {
            "ip_address": "172.56.35.71",
            "device_model": "Pixel 8",
            "device_platform": "android",
            "device_os_versions": "14"
        },
        {
            "ip_address": "172.59.208.235",
            "device_model": "Pixel 8",
            "device_platform": "android",
            "device_os_versions": "14"
        },
        {
            "ip_address": "172.58.231.148",
            "device_model": "Pixel 8",
            "device_platform": "android",
            "device_os_versions": "14"
        },
        {
            "ip_address": "172.59.210.132",
            "device_model": "Pixel 8",
            "device_platform": "android",
            "device_os_versions": "14"
        },
        {
            "ip_address": "172.59.215.178",
            "device_model": "Pixel 8",
            "device_platform": "android",
            "device_os_versions": "14"
        },
        {
            "ip_address": "42.106.238.164",
            "device_model": "ONEPLUS A6010",
            "device_platform": "android",
            "device_os_versions": "11"
        },
        {
            "ip_address": "128.59.176.218",
            "device_model": "Pixel 8",
            "device_platform": "android",
            "device_os_versions": "14"
        },
        {
            "ip_address": "128.59.179.40",
            "device_model": "Pixel 8",
            "device_platform": "android",
            "device_os_versions": "14"
        },
        {
            "ip_address": "128.59.176.5",
            "device_model": "Pixel 8",
            "device_platform": "android",
            "device_os_versions": "14"
        },
        {
            "ip_address": "172.56.196.255",
            "device_model": "Pixel 8",
            "device_platform": "android",
            "device_os_versions": "14"
        },
        {
            "ip_address": "128.59.179.49",
            "device_model": "Pixel 8",
            "device_platform": "android",
            "device_os_versions": "14"
        },
        {
            "ip_address": "172.56.223.187",
            "device_model": "Pixel 8",
            "device_platform": "android",
            "device_os_versions": "15"
        },
        {
            "ip_address": "172.56.165.110",
            "device_model": "Pixel 8",
            "device_platform": "android",
            "device_os_versions": "15"
        },
        {
            "ip_address": "172.56.34.77",
            "device_model": "Pixel 8",
            "device_platform": "android",
            "device_os_versions": "14"
        },
        {
            "ip_address": "172.56.166.176",
            "device_model": "Pixel 8",
            "device_platform": "android",
            "device_os_versions": "14"
        },
        {
            "ip_address": "172.59.214.24",
            "device_model": "Pixel 8",
            "device_platform": "android",
            "device_os_versions": "15"
        },
        {
            "ip_address": "172.56.167.69",
            "device_model": "Pixel 8",
            "device_platform": "android",
            "device_os_versions": "14"
        },
        {
            "ip_address": "172.59.214.67",
            "device_model": "Pixel 8",
            "device_platform": "android",
            "device_os_versions": "14"
        },
        {
            "ip_address": "49.205.137.33",
            "device_model": "ONEPLUS A6010",
            "device_platform": "android",
            "device_os_versions": "11"
        },
        {
            "ip_address": "49.205.138.34",
            "device_model": "ONEPLUS A6010",
            "device_platform": "android",
            "device_os_versions": "11"
        },
        {
            "ip_address": "49.205.143.107",
            "device_model": "ONEPLUS A6010",
            "device_platform": "android",
            "device_os_versions": "11"
        },
        {
            "ip_address": "49.205.139.97",
            "device_model": "ONEPLUS A6010",
            "device_platform": "android",
            "device_os_versions": "11"
        },
        {
            "ip_address": "49.37.162.147",
            "device_model": "ONEPLUS A6010",
            "device_platform": "android",
            "device_os_versions": "11"
        },
        {
            "ip_address": "49.205.141.121",
            "device_model": "ONEPLUS A6010",
            "device_platform": "android",
            "device_os_versions": "11"
        },
        {
            "ip_address": "172.56.193.14",
            "device_model": "Pixel 8",
            "device_platform": "android",
            "device_os_versions": "14"
        },
        {
            "ip_address": "128.59.177.85",
            "device_model": "Pixel 8",
            "device_platform": "android",
            "device_os_versions": "15"
        },
        {
            "ip_address": "172.56.194.155",
            "device_model": "Pixel 8",
            "device_platform": "android",
            "device_os_versions": "14"
        },
        {
            "ip_address": "172.56.160.7",
            "device_model": "Pixel 8",
            "device_platform": "android",
            "device_os_versions": "14"
        },
        {
            "ip_address": "172.59.211.20",
            "device_model": "Pixel 8",
            "device_platform": "android",
            "device_os_versions": "14"
        },
        {
            "ip_address": "172.56.162.140",
            "device_model": "Pixel 8",
            "device_platform": "android",
            "device_os_versions": "15"
        },
        {
            "ip_address": "172.59.214.131",
            "device_model": "Pixel 8",
            "device_platform": "android",
            "device_os_versions": "14"
        },
        {
            "ip_address": "172.56.166.213",
            "device_model": "Pixel 8",
            "device_platform": "android",
            "device_os_versions": "14"
        },
        {
            "ip_address": "49.205.139.44",
            "device_model": "ONEPLUS A6010",
            "device_platform": "android",
            "device_os_versions": "11"
        },
        {
            "ip_address": "172.56.195.35",
            "device_model": "Pixel 8",
            "device_platform": "android",
            "device_os_versions": "14"
        },
        {
            "ip_address": "49.205.140.132",
            "device_model": "ONEPLUS A6010",
            "device_platform": "android",
            "device_os_versions": "11"
        },
        {
            "ip_address": "172.56.34.59",
            "device_model": "Pixel 8",
            "device_platform": "android",
            "device_os_versions": "14"
        },
        {
            "ip_address": "172.56.35.30",
            "device_model": "Pixel 8",
            "device_platform": "android",
            "device_os_versions": "15"
        },
        {
            "ip_address": "172.59.211.48",
            "device_model": "Pixel 8",
            "device_platform": "android",
            "device_os_versions": "14"
        },
        {
            "ip_address": "172.59.212.164",
            "device_model": "Pixel 8",
            "device_platform": "android",
            "device_os_versions": "14"
        },
        {
            "ip_address": "172.59.212.254",
            "device_model": "Pixel 8",
            "device_platform": "android",
            "device_os_versions": "14"
        },
        {
            "ip_address": "42.106.205.132",
            "device_model": "ONEPLUS A6010",
            "device_platform": "android",
            "device_os_versions": "11"
        }
    ],
    "installs": [
        {
            "ip_address": "103.238.108.68",
            "adid": "b7011917-9f0e-48bb-aecd-aca62a47cb13",
            "user_agent": "Dalvik/2.1.0 (Linux; U; Android 14; Pixel 8 Build/AP2A.240705.005)",
            "network_name": "Vi India",
            "install_time": "2024-07-10 10:24:26"
        }
    ],
    "identity": {
        "email": "deepvakil1234@gmail.com",
        "instagram_authorized": false,
        "phone_number": "+919824908388",
        "phone_country_code": "IN",
        "phone_country_calling_code": "91",
        "phone_carrier": "Vodafone India Ltd",
        "phone_line_type": "Mobile"
    },
    "preferences": {
        "distance_miles_max": 6,
        "age_min": 20,
        "age_max": 36,
        "age_dealbreaker": true,
        "height_min": 92,
        "height_max": 214,
        "height_dealbreaker": false,
        "gender_preference": "Women, Non-Binary",
        "ethnicity_preference": "[\"Open to All\"]",
        "ethnicity_dealbreaker": false,
        "religion_preference": "[\"Open to All\"]",
        "religion_dealbreaker": false,
        "smoking_preference": "[\"Open to All\"]",
        "smoking_dealbreaker": false,
        "drinking_preference": "[\"Open to All\"]",
        "drinking_dealbreaker": false,
        "marijuana_preference": "[\"Open to All\"]",
        "marijuana_dealbreaker": false,
        "drugs_preference": "[\"Open to All\"]",
        "drugs_dealbreaker": false,
        "children_preference": "[\"Open to All\"]",
        "children_dealbreaker": false,
        "family_plans_preference": "[\"Open to All\"]",
        "family_plans_dealbreaker": false,
        "education_attained_preference": "[\"Open to All\"]",
        "education_attained_dealbreaker": false,
        "politics_preference": "[\"Open to All\"]",
        "politics_dealbreaker": false
    },
    "location": {
        "latitude": 40.806446,
        "longitude": -73.96591,
        "country_short": "US",
        "admin_area_1": "New York",
        "admin_area_1_short": "NY",
        "admin_area_2": "New York County",
        "cbsa": "New York-Newark-Jersey City,  NY-NJ-PA",
        "neighborhood": "Morningside Heights",
        "postal_code": "10025"
    },
    "profile": {
        "first_name": "Deep",
        "last_name": "Vakil",
        "age": 25,
        "height_centimeters": 179,
        "gender": "male",
        "gender_identity": "Man",
        "gender_identity_displayed": false,
        "ethnicities": "[\"South Asian\"]",
        "ethnicities_displayed": true,
        "religions": "[\"Atheist\"]",
        "religions_displayed": true,
        "workplaces": "[\"Reuters\"]",
        "workplaces_displayed": false,
        "job_title": "Journalist ",
        "job_title_displayed": true,
        "schools": "[\"Columbia University \"]",
        "schools_displayed": true,
        "hometowns": "[\"Mumbai \"]",
        "hometowns_displayed": true,
        "smoking": "Yes",
        "smoking_displayed": true,
        "drinking": "Yes",
        "drinking_displayed": true,
        "marijuana": "Sometimes",
        "marijuana_displayed": true,
        "drugs": "Prefer Not to Say",
        "drugs_displayed": false,
        "children": "Don't have children",
        "children_displayed": false,
        "family_plans": "Don't want children",
        "family_plans_displayed": false,
        "education_attained": "Postgraduate",
        "politics": "Other",
        "politics_displayed": false,
        "instagram_displayed": false,
        "vaccination_status": "Vaccinated",
        "vaccination_status_displayed": true,
        "dating_intention_displayed": true,
        "dating_intention": "Short-term relationship, open to long",
        "languages_spoken_displayed": true,
        "languages_spoken": "English, Gujarati, Hindi",
        "relationship_type_displayed": true,
        "relationship_types": "Non-monogamy",
        "relationship_type_text": "in a polyamorous long-distance relationship",
        "selfie_verified": true
    }
}