{
    "profile": {
        "first_name": "Tathagat",
        "last_name": "Arya",
        "age": 24,
        "height_centimeters": 173,
        "gender": "male",
        "gender_identity": "Man",
        "gender_identity_displayed": true,
        "ethnicities": "[\"Prefer Not to Say\"]",
        "ethnicities_displayed": false,
        "religions": "[\"Agnostic\"]",
        "religions_displayed": true,
        "workplaces": "[\"Himalaya Wellness Company \"]",
        "workplaces_displayed": true,
        "job_title_displayed": true,
        "schools": "[\"FMS\"]",
        "schools_displayed": true,
        "hometowns": "[\"Geographical Prostitute\"]",
        "hometowns_displayed": true,
        "smoking": "Sometimes",
        "smoking_displayed": true,
        "drinking": "Yes",
        "drinking_displayed": true,
        "marijuana": "Prefer Not to Say",
        "marijuana_displayed": false,
        "drugs": "No",
        "drugs_displayed": false,
        "children": "Don't have children",
        "children_displayed": false,
        "family_plans": "Don't want children",
        "family_plans_displayed": false,
        "education_attained": "Postgraduate",
        "politics": "Liberal",
        "politics_displayed": true,
        "instagram_displayed": false,
        "vaccination_status": "Prefer Not to Say",
        "vaccination_status_displayed": false,
        "dating_intention_displayed": false,
        "dating_intention": "Long-term relationship, open to short",
        "zodiac_displayed": true,
        "zodiac_sign": "Aries",
        "relationship_type_displayed": true,
        "relationship_types": "Figuring out my relationship type",
        "relationship_type_text": "No ideas or expectations, just wanna find someone fun and see where it goes",
        "selfie_verified": true
    },
    "account": {
        "signup_time": "2022-12-04 18:38:10.464812",
        "last_seen": "2025-02-27 04:50:07.048685",
        "device_platform": "android",
        "device_os": "14",
        "device_model": "SM-S921B",
        "app_version": "9.65.2",
        "push_notifications_enabled": false,
        "last_uninstall_time": "2025-01-06 12:28:16"
    },
    "preferences": {
        "distance_miles_max": 32,
        "age_min": 21,
        "age_max": 34,
        "age_dealbreaker": true,
        "height_min": 92,
        "height_max": 214,
        "height_dealbreaker": false,
        "gender_preference": "Women",
        "ethnicity_preference": "[\"Open to All\"]",
        "ethnicity_dealbreaker": false,
        "religion_preference": "[\"Open to All\"]",
        "religion_dealbreaker": false,
        "smoking_preference": "[\"Open to All\"]",
        "smoking_dealbreaker": false,
        "drinking_preference": "[\"Open to All\"]",
        "drinking_dealbreaker": false,
        "marijuana_preference": "[\"Open to All\"]",
        "marijuana_dealbreaker": false,
        "drugs_preference": "[\"Open to All\"]",
        "drugs_dealbreaker": false,
        "children_preference": "[\"Open to All\"]",
        "children_dealbreaker": false,
        "family_plans_preference": "[\"Open to All\"]",
        "family_plans_dealbreaker": false,
        "education_attained_preference": "[\"Open to All\"]",
        "education_attained_dealbreaker": false,
        "politics_preference": "[\"Open to All\"]",
        "politics_dealbreaker": false
    },
    "installs": [
        {
            "ip_address": "122.162.146.237",
            "adid": "d4687b1e-0e59-4885-aebc-773a249fe17d",
            "user_agent": "Dalvik/2.1.0 (Linux; U; Android 12; LE2101 Build/RKQ1.211119.001)",
            "network_name": "Vodafone IN",
            "install_time": "2022-12-04 18:43:01.133"
        },
        {
            "ip_address": "42.111.122.14",
            "adid": "d4687b1e-0e59-4885-aebc-773a249fe17d",
            "user_agent": "Dalvik/2.1.0 (Linux; U; Android 12; LE2101 Build/RKQ1.211119.001)",
            "network_name": "Vi India",
            "install_time": "2023-04-04 11:40:17.553"
        }
    ],
    "location": {
        "latitude": 22.750908,
        "longitude": 75.90366,
        "country_short": "IN",
        "admin_area_1": "Madhya Pradesh",
        "admin_area_1_short": "MP",
        "admin_area_2": "Indore Division",
        "neighborhood": "Pushp Vihar Colony",
        "postal_code": "452010"
    },
    "devices": [
        {
            "ip_address": "1.38.188.104",
            "device_model": "LE2101",
            "device_platform": "android",
            "device_os_versions": "12"
        },
        {
            "ip_address": "1.38.188.174",
            "device_model": "LE2101",
            "device_platform": "android",
            "device_os_versions": "12"
        },
        {
            "ip_address": "1.38.188.25",
            "device_model": "LE2101",
            "device_platform": "android",
            "device_os_versions": "12"
        },
        {
            "ip_address": "103.212.146.86",
            "device_model": "LE2101",
            "device_platform": "android",
            "device_os_versions": "12"
        },
        {
            "ip_address": "1.38.54.25",
            "device_model": "SM-S921B",
            "device_platform": "android",
            "device_os_versions": "14"
        },
        {
            "ip_address": "149.88.98.167",
            "device_model": "SM-S921B",
            "device_platform": "android",
            "device_os_versions": "14"
        },
        {
            "ip_address": "122.162.145.136",
            "device_model": "LE2101",
            "device_platform": "android",
            "device_os_versions": "12"
        },
        {
            "ip_address": "183.83.152.249",
            "device_model": "LE2101",
            "device_platform": "android",
            "device_os_versions": "12"
        },
        {
            "ip_address": "122.162.149.153",
            "device_model": "LE2101",
            "device_platform": "android",
            "device_os_versions": "12"
        },
        {
            "ip_address": "183.83.209.49",
            "device_model": "LE2101",
            "device_platform": "android",
            "device_os_versions": "12"
        },
        {
            "ip_address": "122.171.23.187",
            "device_model": "LE2101",
            "device_platform": "android",
            "device_os_versions": "12"
        },
        {
            "ip_address": "183.83.212.216",
            "device_model": "LE2101",
            "device_platform": "android",
            "device_os_versions": "12"
        },
        {
            "ip_address": "183.83.211.159",
            "device_model": "LE2101",
            "device_platform": "android",
            "device_os_versions": "12"
        },
        {
            "ip_address": "183.83.214.164",
            "device_model": "LE2101",
            "device_platform": "android",
            "device_os_versions": "12"
        },
        {
            "ip_address": "223.29.207.50",
            "device_model": "SM-S921B",
            "device_platform": "android",
            "device_os_versions": "14"
        },
        {
            "ip_address": "27.4.180.202",
            "device_model": "LE2101",
            "device_platform": "android",
            "device_os_versions": "12"
        },
        {
            "ip_address": "42.105.85.1",
            "device_model": "LE2101",
            "device_platform": "android",
            "device_os_versions": "12"
        },
        {
            "ip_address": "42.105.114.4",
            "device_model": "LE2101",
            "device_platform": "android",
            "device_os_versions": "12"
        },
        {
            "ip_address": "42.108.20.44",
            "device_model": "SM-S921B",
            "device_platform": "android",
            "device_os_versions": "14"
        },
        {
            "ip_address": "42.105.85.80",
            "device_model": "LE2101",
            "device_platform": "android",
            "device_os_versions": "12"
        },
        {
            "ip_address": "42.108.27.20",
            "device_model": "LE2101",
            "device_platform": "android",
            "device_os_versions": "12"
        },
        {
            "ip_address": "42.108.27.41",
            "device_model": "LE2101",
            "device_platform": "android",
            "device_os_versions": "12"
        },
        {
            "ip_address": "42.108.27.23",
            "device_model": "LE2101",
            "device_platform": "android",
            "device_os_versions": "12"
        },
        {
            "ip_address": "42.108.28.3",
            "device_model": "LE2101",
            "device_platform": "android",
            "device_os_versions": "12"
        },
        {
            "ip_address": "42.111.12.68",
            "device_model": "LE2101",
            "device_platform": "android",
            "device_os_versions": "12"
        },
        {
            "ip_address": "42.111.11.163",
            "device_model": "LE2101",
            "device_platform": "android",
            "device_os_versions": "12"
        },
        {
            "ip_address": "42.111.8.49",
            "device_model": "LE2101",
            "device_platform": "android",
            "device_os_versions": "12"
        },
        {
            "ip_address": "42.111.124.32",
            "device_model": "LE2101",
            "device_platform": "android",
            "device_os_versions": "12"
        },
        {
            "ip_address": "1.38.188.70",
            "device_model": "LE2101",
            "device_platform": "android",
            "device_os_versions": "12"
        },
        {
            "ip_address": "1.38.188.122",
            "device_model": "LE2101",
            "device_platform": "android",
            "device_os_versions": "12"
        },
        {
            "ip_address": "1.38.190.221",
            "device_model": "LE2101",
            "device_platform": "android",
            "device_os_versions": "12"
        },
        {
            "ip_address": "1.38.53.4",
            "device_model": "SM-S921B",
            "device_platform": "android",
            "device_os_versions": "14"
        },
        {
            "ip_address": "42.111.13.174",
            "device_model": "LE2101",
            "device_platform": "android",
            "device_os_versions": "12"
        },
        {
            "ip_address": "1.38.52.35",
            "device_model": "SM-S921B",
            "device_platform": "android",
            "device_os_versions": "14"
        },
        {
            "ip_address": "183.83.155.229",
            "device_model": "LE2101",
            "device_platform": "android",
            "device_os_versions": "12"
        },
        {
            "ip_address": "122.162.144.179",
            "device_model": "LE2101",
            "device_platform": "android",
            "device_os_versions": "12"
        },
        {
            "ip_address": "103.175.9.238",
            "device_model": "LE2101",
            "device_platform": "android",
            "device_os_versions": "12"
        },
        {
            "ip_address": "42.111.13.56",
            "device_model": "LE2101",
            "device_platform": "android",
            "device_os_versions": "12"
        },
        {
            "ip_address": "42.105.83.229",
            "device_model": "LE2101",
            "device_platform": "android",
            "device_os_versions": "12"
        },
        {
            "ip_address": "42.105.106.200",
            "device_model": "LE2101",
            "device_platform": "android",
            "device_os_versions": "12"
        },
        {
            "ip_address": "122.162.144.2",
            "device_model": "LE2101",
            "device_platform": "android",
            "device_os_versions": "12"
        },
        {
            "ip_address": "122.162.146.237",
            "device_model": "LE2101",
            "device_platform": "android",
            "device_os_versions": "12"
        },
        {
            "ip_address": "42.111.16.124",
            "device_model": "LE2101",
            "device_platform": "android",
            "device_os_versions": "12"
        },
        {
            "ip_address": "42.105.84.173",
            "device_model": "LE2101",
            "device_platform": "android",
            "device_os_versions": "12"
        },
        {
            "ip_address": "42.105.81.105",
            "device_model": "LE2101",
            "device_platform": "android",
            "device_os_versions": "12"
        },
        {
            "ip_address": "122.162.147.127",
            "device_model": "LE2101",
            "device_platform": "android",
            "device_os_versions": "12"
        },
        {
            "ip_address": "122.162.148.181",
            "device_model": "LE2101",
            "device_platform": "android",
            "device_os_versions": "12"
        },
        {
            "ip_address": "42.111.8.66",
            "device_model": "LE2101",
            "device_platform": "android",
            "device_os_versions": "12"
        },
        {
            "ip_address": "42.105.85.45",
            "device_model": "LE2101",
            "device_platform": "android",
            "device_os_versions": "12"
        },
        {
            "ip_address": "42.105.83.190",
            "device_model": "LE2101",
            "device_platform": "android",
            "device_os_versions": "12"
        },
        {
            "ip_address": "122.171.18.117",
            "device_model": "LE2101",
            "device_platform": "android",
            "device_os_versions": "12"
        },
        {
            "ip_address": "183.83.213.58",
            "device_model": "LE2101",
            "device_platform": "android",
            "device_os_versions": "12"
        },
        {
            "ip_address": "42.111.9.12",
            "device_model": "LE2101",
            "device_platform": "android",
            "device_os_versions": "12"
        },
        {
            "ip_address": "42.108.12.17",
            "device_model": "LE2101",
            "device_platform": "android",
            "device_os_versions": "12"
        },
        {
            "ip_address": "42.108.27.215",
            "device_model": "SM-S921B",
            "device_platform": "android",
            "device_os_versions": "14"
        },
        {
            "ip_address": "182.69.178.81",
            "device_model": "LE2101",
            "device_platform": "android",
            "device_os_versions": "12"
        },
        {
            "ip_address": "42.105.85.86",
            "device_model": "LE2101",
            "device_platform": "android",
            "device_os_versions": "12"
        },
        {
            "ip_address": "49.14.156.73",
            "device_model": "LE2101",
            "device_platform": "android",
            "device_os_versions": "12"
        },
        {
            "ip_address": "42.108.29.79",
            "device_model": "SM-S921B",
            "device_platform": "android",
            "device_os_versions": "14"
        },
        {
            "ip_address": "42.108.30.111",
            "device_model": "SM-S921B",
            "device_platform": "android",
            "device_os_versions": "14"
        },
        {
            "ip_address": "182.69.181.33",
            "device_model": "LE2101",
            "device_platform": "android",
            "device_os_versions": "12"
        },
        {
            "ip_address": "42.108.11.244",
            "device_model": "LE2101",
            "device_platform": "android",
            "device_os_versions": "12"
        },
        {
            "ip_address": "1.38.53.11",
            "device_model": "SM-S921B",
            "device_platform": "android",
            "device_os_versions": "14"
        },
        {
            "ip_address": "42.111.120.119",
            "device_model": "SM-S921B",
            "device_platform": "android",
            "device_os_versions": "14"
        },
        {
            "ip_address": "42.111.122.38",
            "device_model": "SM-S921B",
            "device_platform": "android",
            "device_os_versions": "14"
        },
        {
            "ip_address": "183.83.213.234",
            "device_model": "LE2101",
            "device_platform": "android",
            "device_os_versions": "12"
        },
        {
            "ip_address": "42.108.27.13",
            "device_model": "SM-S921B",
            "device_platform": "android",
            "device_os_versions": "14"
        },
        {
            "ip_address": "103.170.245.235",
            "device_model": "LE2101",
            "device_platform": "android",
            "device_os_versions": "12"
        },
        {
            "ip_address": "42.111.13.240",
            "device_model": "LE2101",
            "device_platform": "android",
            "device_os_versions": "12"
        },
        {
            "ip_address": "42.111.16.140",
            "device_model": "LE2101",
            "device_platform": "android",
            "device_os_versions": "12"
        },
        {
            "ip_address": "183.83.214.250",
            "device_model": "LE2101",
            "device_platform": "android",
            "device_os_versions": "12"
        },
        {
            "ip_address": "42.108.27.171",
            "device_model": "LE2101",
            "device_platform": "android",
            "device_os_versions": "12"
        },
        {
            "ip_address": "122.162.149.32",
            "device_model": "LE2101",
            "device_platform": "android",
            "device_os_versions": "12"
        },
        {
            "ip_address": "42.111.20.197",
            "device_model": "LE2101",
            "device_platform": "android",
            "device_os_versions": "12"
        },
        {
            "ip_address": "42.111.8.134",
            "device_model": "LE2101",
            "device_platform": "android",
            "device_os_versions": "12"
        },
        {
            "ip_address": "42.105.82.35",
            "device_model": "LE2101",
            "device_platform": "android",
            "device_os_versions": "12"
        },
        {
            "ip_address": "42.108.28.194",
            "device_model": "SM-S921B",
            "device_platform": "android",
            "device_os_versions": "14"
        },
        {
            "ip_address": "122.162.151.67",
            "device_model": "LE2101",
            "device_platform": "android",
            "device_os_versions": "12"
        },
        {
            "ip_address": "42.111.20.53",
            "device_model": "LE2101",
            "device_platform": "android",
            "device_os_versions": "12"
        },
        {
            "ip_address": "42.111.8.64",
            "device_model": "LE2101",
            "device_platform": "android",
            "device_os_versions": "12"
        },
        {
            "ip_address": "42.105.87.103",
            "device_model": "LE2101",
            "device_platform": "android",
            "device_os_versions": "12"
        },
        {
            "ip_address": "42.108.28.207",
            "device_model": "SM-S921B",
            "device_platform": "android",
            "device_os_versions": "14"
        },
        {
            "ip_address": "183.83.208.169",
            "device_model": "LE2101",
            "device_platform": "android",
            "device_os_versions": "12"
        },
        {
            "ip_address": "42.111.38.109",
            "device_model": "LE2101",
            "device_platform": "android",
            "device_os_versions": "12"
        },
        {
            "ip_address": "42.108.28.20",
            "device_model": "LE2101",
            "device_platform": "android",
            "device_os_versions": "12"
        },
        {
            "ip_address": "42.108.66.2",
            "device_model": "SM-S921B",
            "device_platform": "android",
            "device_os_versions": "14"
        },
        {
            "ip_address": "183.83.215.198",
            "device_model": "LE2101",
            "device_platform": "android",
            "device_os_versions": "12"
        },
        {
            "ip_address": "49.14.154.90",
            "device_model": "LE2101",
            "device_platform": "android",
            "device_os_versions": "12"
        },
        {
            "ip_address": "42.108.28.50",
            "device_model": "LE2101",
            "device_platform": "android",
            "device_os_versions": "12"
        },
        {
            "ip_address": "42.108.66.26",
            "device_model": "SM-S921B",
            "device_platform": "android",
            "device_os_versions": "14"
        },
        {
            "ip_address": "42.105.107.61",
            "device_model": "LE2101",
            "device_platform": "android",
            "device_os_versions": "12"
        },
        {
            "ip_address": "49.14.159.16",
            "device_model": "SM-S921B",
            "device_platform": "android",
            "device_os_versions": "14"
        },
        {
            "ip_address": "42.108.29.239",
            "device_model": "LE2101",
            "device_platform": "android",
            "device_os_versions": "12"
        },
        {
            "ip_address": "42.111.13.87",
            "device_model": "LE2101",
            "device_platform": "android",
            "device_os_versions": "12"
        },
        {
            "ip_address": "42.108.21.90",
            "device_model": "LE2101",
            "device_platform": "android",
            "device_os_versions": "12"
        },
        {
            "ip_address": "1.38.188.17",
            "device_model": "LE2101",
            "device_platform": "android",
            "device_os_versions": "12"
        },
        {
            "ip_address": "42.108.29.6",
            "device_model": "LE2101",
            "device_platform": "android",
            "device_os_versions": "12"
        },
        {
            "ip_address": "42.111.18.32",
            "device_model": "LE2101",
            "device_platform": "android",
            "device_os_versions": "12"
        },
        {
            "ip_address": "42.108.29.8",
            "device_model": "SM-S921B",
            "device_platform": "android",
            "device_os_versions": "14"
        },
        {
            "ip_address": "122.162.146.175",
            "device_model": "LE2101",
            "device_platform": "android",
            "device_os_versions": "12"
        },
        {
            "ip_address": "42.111.122.20",
            "device_model": "SM-S921B",
            "device_platform": "android",
            "device_os_versions": "14"
        },
        {
            "ip_address": "42.111.20.199",
            "device_model": "LE2101",
            "device_platform": "android",
            "device_os_versions": "12"
        },
        {
            "ip_address": "42.108.30.4",
            "device_model": "LE2101",
            "device_platform": "android",
            "device_os_versions": "12"
        },
        {
            "ip_address": "122.162.147.76",
            "device_model": "LE2101",
            "device_platform": "android",
            "device_os_versions": "12"
        },
        {
            "ip_address": "42.111.36.220",
            "device_model": "LE2101",
            "device_platform": "android",
            "device_os_versions": "12"
        },
        {
            "ip_address": "49.14.156.200",
            "device_model": "LE2101",
            "device_platform": "android",
            "device_os_versions": "12"
        },
        {
            "ip_address": "42.111.11.48",
            "device_model": "LE2101",
            "device_platform": "android",
            "device_os_versions": "12"
        },
        {
            "ip_address": "182.69.180.212",
            "device_model": "LE2101",
            "device_platform": "android",
            "device_os_versions": "12"
        },
        {
            "ip_address": "42.111.8.169",
            "device_model": "LE2101",
            "device_platform": "android",
            "device_os_versions": "12"
        },
        {
            "ip_address": "49.14.175.41",
            "device_model": "LE2101",
            "device_platform": "android",
            "device_os_versions": "12"
        },
        {
            "ip_address": "42.111.12.208",
            "device_model": "LE2101",
            "device_platform": "android",
            "device_os_versions": "12"
        },
        {
            "ip_address": "183.83.157.43",
            "device_model": "LE2101",
            "device_platform": "android",
            "device_os_versions": "12"
        },
        {
            "ip_address": "42.111.8.9",
            "device_model": "LE2101",
            "device_platform": "android",
            "device_os_versions": "12"
        },
        {
            "ip_address": "1.38.188.68",
            "device_model": "LE2101",
            "device_platform": "android",
            "device_os_versions": "12"
        },
        {
            "ip_address": "42.111.12.228",
            "device_model": "LE2101",
            "device_platform": "android",
            "device_os_versions": "12"
        },
        {
            "ip_address": "183.83.209.229",
            "device_model": "LE2101",
            "device_platform": "android",
            "device_os_versions": "12"
        },
        {
            "ip_address": "103.212.146.111",
            "device_model": "LE2101",
            "device_platform": "android",
            "device_os_versions": "12"
        },
        {
            "ip_address": "1.38.53.7",
            "device_model": "SM-S921B",
            "device_platform": "android",
            "device_os_versions": "14"
        },
        {
            "ip_address": "42.111.20.110",
            "device_model": "LE2101",
            "device_platform": "android",
            "device_os_versions": "12"
        },
        {
            "ip_address": "183.83.210.179",
            "device_model": "LE2101",
            "device_platform": "android",
            "device_os_versions": "12"
        },
        {
            "ip_address": "122.162.148.206",
            "device_model": "LE2101",
            "device_platform": "android",
            "device_os_versions": "12"
        },
        {
            "ip_address": "103.212.146.118",
            "device_model": "LE2101",
            "device_platform": "android",
            "device_os_versions": "12"
        },
        {
            "ip_address": "42.111.29.209",
            "device_model": "LE2101",
            "device_platform": "android",
            "device_os_versions": "12"
        },
        {
            "ip_address": "42.105.106.117",
            "device_model": "LE2101",
            "device_platform": "android",
            "device_os_versions": "12"
        },
        {
            "ip_address": "122.171.19.245",
            "device_model": "LE2101",
            "device_platform": "android",
            "device_os_versions": "12"
        },
        {
            "ip_address": "103.212.146.135",
            "device_model": "LE2101",
            "device_platform": "android",
            "device_os_versions": "12"
        },
        {
            "ip_address": "47.247.67.221",
            "device_model": "SM-S921B",
            "device_platform": "android",
            "device_os_versions": "14"
        },
        {
            "ip_address": "42.105.83.234",
            "device_model": "LE2101",
            "device_platform": "android",
            "device_os_versions": "12"
        },
        {
            "ip_address": "42.105.107.19",
            "device_model": "LE2101",
            "device_platform": "android",
            "device_os_versions": "12"
        },
        {
            "ip_address": "117.220.100.235",
            "device_model": "LE2101",
            "device_platform": "android",
            "device_os_versions": "12"
        },
        {
            "ip_address": "49.14.153.2",
            "device_model": "LE2101",
            "device_platform": "android",
            "device_os_versions": "12"
        },
        {
            "ip_address": "42.108.27.133",
            "device_model": "LE2101",
            "device_platform": "android",
            "device_os_versions": "12"
        },
        {
            "ip_address": "42.105.114.88",
            "device_model": "LE2101",
            "device_platform": "android",
            "device_os_versions": "12"
        },
        {
            "ip_address": "117.220.97.124",
            "device_model": "LE2101",
            "device_platform": "android",
            "device_os_versions": "12"
        },
        {
            "ip_address": "49.14.154.87",
            "device_model": "LE2101",
            "device_platform": "android",
            "device_os_versions": "12"
        },
        {
            "ip_address": "42.108.27.222",
            "device_model": "SM-S921B",
            "device_platform": "android",
            "device_os_versions": "14"
        },
        {
            "ip_address": "42.108.29.120",
            "device_model": "SM-S921B",
            "device_platform": "android",
            "device_os_versions": "14"
        },
        {
            "ip_address": "183.83.154.44",
            "device_model": "LE2101",
            "device_platform": "android",
            "device_os_versions": "12"
        },
        {
            "ip_address": "42.108.64.25",
            "device_model": "SM-S921B",
            "device_platform": "android",
            "device_os_versions": "14"
        },
        {
            "ip_address": "42.111.11.78",
            "device_model": "LE2101",
            "device_platform": "android",
            "device_os_versions": "12"
        },
        {
            "ip_address": "183.83.157.112",
            "device_model": "LE2101",
            "device_platform": "android",
            "device_os_versions": "12"
        },
        {
            "ip_address": "42.111.12.99",
            "device_model": "LE2101",
            "device_platform": "android",
            "device_os_versions": "12"
        },
        {
            "ip_address": "42.111.121.43",
            "device_model": "SM-S921B",
            "device_platform": "android",
            "device_os_versions": "14"
        },
        {
            "ip_address": "183.83.213.93",
            "device_model": "LE2101",
            "device_platform": "android",
            "device_os_versions": "12"
        },
        {
            "ip_address": "49.14.163.8",
            "device_model": "LE2101",
            "device_platform": "android",
            "device_os_versions": "12"
        },
        {
            "ip_address": "1.38.188.116",
            "device_model": "LE2101",
            "device_platform": "android",
            "device_os_versions": "12"
        },
        {
            "ip_address": "42.105.85.83",
            "device_model": "LE2101",
            "device_platform": "android",
            "device_os_versions": "12"
        },
        {
            "ip_address": "49.14.173.93",
            "device_model": "LE2101",
            "device_platform": "android",
            "device_os_versions": "12"
        },
        {
            "ip_address": "1.38.188.62",
            "device_model": "LE2101",
            "device_platform": "android",
            "device_os_versions": "12"
        },
        {
            "ip_address": "42.108.26.94",
            "device_model": "LE2101",
            "device_platform": "android",
            "device_os_versions": "12"
        },
        {
            "ip_address": "1.38.188.82",
            "device_model": "LE2101",
            "device_platform": "android",
            "device_os_versions": "12"
        },
        {
            "ip_address": "103.195.201.94",
            "device_model": "LE2101",
            "device_platform": "android",
            "device_os_versions": "12"
        },
        {
            "ip_address": "42.108.29.41",
            "device_model": "SM-S921B",
            "device_platform": "android",
            "device_os_versions": "14"
        },
        {
            "ip_address": "1.38.191.99",
            "device_model": "LE2101",
            "device_platform": "android",
            "device_os_versions": "12"
        },
        {
            "ip_address": "122.162.145.205",
            "device_model": "LE2101",
            "device_platform": "android",
            "device_os_versions": "12"
        },
        {
            "ip_address": "42.111.12.113",
            "device_model": "LE2101",
            "device_platform": "android",
            "device_os_versions": "12"
        },
        {
            "ip_address": "1.38.50.251",
            "device_model": "SM-S921B",
            "device_platform": "android",
            "device_os_versions": "14"
        },
        {
            "ip_address": "122.162.150.193",
            "device_model": "LE2101",
            "device_platform": "android",
            "device_os_versions": "12"
        },
        {
            "ip_address": "42.111.123.15",
            "device_model": "LE2101",
            "device_platform": "android",
            "device_os_versions": "12"
        },
        {
            "ip_address": "103.46.202.67",
            "device_model": "SM-S921B",
            "device_platform": "android",
            "device_os_versions": "14"
        },
        {
            "ip_address": "183.83.152.53",
            "device_model": "LE2101",
            "device_platform": "android",
            "device_os_versions": "12"
        },
        {
            "ip_address": "42.111.14.33",
            "device_model": "LE2101",
            "device_platform": "android",
            "device_os_versions": "12"
        },
        {
            "ip_address": "122.162.146.211",
            "device_model": "LE2101",
            "device_platform": "android",
            "device_os_versions": "12"
        },
        {
            "ip_address": "183.83.209.215",
            "device_model": "LE2101",
            "device_platform": "android",
            "device_os_versions": "12"
        },
        {
            "ip_address": "42.111.20.160",
            "device_model": "LE2101",
            "device_platform": "android",
            "device_os_versions": "12"
        },
        {
            "ip_address": "122.162.146.80",
            "device_model": "LE2101",
            "device_platform": "android",
            "device_os_versions": "12"
        },
        {
            "ip_address": "183.83.213.139",
            "device_model": "LE2101",
            "device_platform": "android",
            "device_os_versions": "12"
        },
        {
            "ip_address": "42.111.21.32",
            "device_model": "LE2101",
            "device_platform": "android",
            "device_os_versions": "12"
        },
        {
            "ip_address": "122.171.19.200",
            "device_model": "SM-S921B",
            "device_platform": "android",
            "device_os_versions": "14"
        },
        {
            "ip_address": "183.83.213.95",
            "device_model": "LE2101",
            "device_platform": "android",
            "device_os_versions": "12"
        },
        {
            "ip_address": "49.14.157.143",
            "device_model": "LE2101",
            "device_platform": "android",
            "device_os_versions": "12"
        },
        {
            "ip_address": "122.172.82.255",
            "device_model": "SM-S921B",
            "device_platform": "android",
            "device_os_versions": "14"
        },
        {
            "ip_address": "42.105.104.122",
            "device_model": "LE2101",
            "device_platform": "android",
            "device_os_versions": "12"
        },
        {
            "ip_address": "1.38.188.86",
            "device_model": "LE2101",
            "device_platform": "android",
            "device_os_versions": "12"
        },
        {
            "ip_address": "183.83.157.116",
            "device_model": "LE2101",
            "device_platform": "android",
            "device_os_versions": "12"
        },
        {
            "ip_address": "42.105.80.10",
            "device_model": "LE2101",
            "device_platform": "android",
            "device_os_versions": "12"
        },
        {
            "ip_address": "1.38.202.147",
            "device_model": "LE2101",
            "device_platform": "android",
            "device_os_versions": "12"
        },
        {
            "ip_address": "183.83.212.2",
            "device_model": "LE2101",
            "device_platform": "android",
            "device_os_versions": "12"
        },
        {
            "ip_address": "42.105.87.156",
            "device_model": "LE2101",
            "device_platform": "android",
            "device_os_versions": "12"
        },
        {
            "ip_address": "103.195.201.78",
            "device_model": "LE2101",
            "device_platform": "android",
            "device_os_versions": "12"
        },
        {
            "ip_address": "42.105.106.244",
            "device_model": "LE2101",
            "device_platform": "android",
            "device_os_versions": "12"
        },
        {
            "ip_address": "42.108.26.174",
            "device_model": "LE2101",
            "device_platform": "android",
            "device_os_versions": "12"
        },
        {
            "ip_address": "103.212.146.23",
            "device_model": "LE2101",
            "device_platform": "android",
            "device_os_versions": "12"
        },
        {
            "ip_address": "42.105.84.236",
            "device_model": "LE2101",
            "device_platform": "android",
            "device_os_versions": "12"
        },
        {
            "ip_address": "42.108.28.228",
            "device_model": "LE2101",
            "device_platform": "android",
            "device_os_versions": "12"
        },
        {
            "ip_address": "103.212.146.236",
            "device_model": "LE2101",
            "device_platform": "android",
            "device_os_versions": "12"
        },
        {
            "ip_address": "42.105.87.221",
            "device_model": "LE2101",
            "device_platform": "android",
            "device_os_versions": "12"
        },
        {
            "ip_address": "42.111.12.6",
            "device_model": "LE2101",
            "device_platform": "android",
            "device_os_versions": "12"
        },
        {
            "ip_address": "122.162.147.150",
            "device_model": "LE2101",
            "device_platform": "android",
            "device_os_versions": "12"
        },
        {
            "ip_address": "42.108.17.68",
            "device_model": "LE2101",
            "device_platform": "android",
            "device_os_versions": "12"
        },
        {
            "ip_address": "42.111.13.68",
            "device_model": "SM-S921B",
            "device_platform": "android",
            "device_os_versions": "14"
        },
        {
            "ip_address": "183.83.208.75",
            "device_model": "LE2101",
            "device_platform": "android",
            "device_os_versions": "12"
        },
        {
            "ip_address": "42.108.26.1",
            "device_model": "SM-S921B",
            "device_platform": "android",
            "device_os_versions": "14"
        },
        {
            "ip_address": "42.111.20.113",
            "device_model": "LE2101",
            "device_platform": "android",
            "device_os_versions": "12"
        },
        {
            "ip_address": "183.83.212.68",
            "device_model": "LE2101",
            "device_platform": "android",
            "device_os_versions": "12"
        },
        {
            "ip_address": "42.108.29.208",
            "device_model": "SM-S921B",
            "device_platform": "android",
            "device_os_versions": "14"
        },
        {
            "ip_address": "42.111.76.81",
            "device_model": "LE2101",
            "device_platform": "android",
            "device_os_versions": "12"
        },
        {
            "ip_address": "42.104.183.253",
            "device_model": "SM-S921B",
            "device_platform": "android",
            "device_os_versions": "14"
        },
        {
            "ip_address": "42.111.20.221",
            "device_model": "LE2101",
            "device_platform": "android",
            "device_os_versions": "12"
        },
        {
            "ip_address": "59.89.76.82",
            "device_model": "LE2101",
            "device_platform": "android",
            "device_os_versions": "12"
        },
        {
            "ip_address": "42.108.27.19",
            "device_model": "LE2101",
            "device_platform": "android",
            "device_os_versions": "12"
        },
        {
            "ip_address": "42.111.8.43",
            "device_model": "LE2101",
            "device_platform": "android",
            "device_os_versions": "12"
        },
        {
            "ip_address": "59.98.236.139",
            "device_model": "LE2101",
            "device_platform": "android",
            "device_os_versions": "12"
        },
        {
            "ip_address": "42.111.12.201",
            "device_model": "LE2101",
            "device_platform": "android",
            "device_os_versions": "12"
        },
        {
            "ip_address": "49.14.155.202",
            "device_model": "LE2101",
            "device_platform": "android",
            "device_os_versions": "12"
        },
        {
            "ip_address": "103.195.201.77",
            "device_model": "LE2101",
            "device_platform": "android",
            "device_os_versions": "12"
        },
        {
            "ip_address": "42.111.8.170",
            "device_model": "LE2101",
            "device_platform": "android",
            "device_os_versions": "12"
        },
        {
            "ip_address": "49.204.224.31",
            "device_model": "SM-S921B",
            "device_platform": "android",
            "device_os_versions": "14"
        },
        {
            "ip_address": "103.27.8.102",
            "device_model": "LE2101",
            "device_platform": "android",
            "device_os_versions": "12"
        },
        {
            "ip_address": "1.38.55.17",
            "device_model": "SM-S921B",
            "device_platform": "android",
            "device_os_versions": "14"
        },
        {
            "ip_address": "1.38.188.33",
            "device_model": "LE2101",
            "device_platform": "android",
            "device_os_versions": "12"
        },
        {
            "ip_address": "121.240.111.222",
            "device_model": "LE2101",
            "device_platform": "android",
            "device_os_versions": "12"
        },
        {
            "ip_address": "106.51.164.231",
            "device_model": "SM-S921B",
            "device_platform": "android",
            "device_os_versions": "14"
        },
        {
            "ip_address": "1.38.188.7",
            "device_model": "LE2101",
            "device_platform": "android",
            "device_os_versions": "12"
        },
        {
            "ip_address": "122.162.146.63",
            "device_model": "LE2101",
            "device_platform": "android",
            "device_os_versions": "12"
        },
        {
            "ip_address": "183.83.157.114",
            "device_model": "LE2101",
            "device_platform": "android",
            "device_os_versions": "12"
        },
        {
            "ip_address": "1.38.50.7",
            "device_model": "SM-S921B",
            "device_platform": "android",
            "device_os_versions": "14"
        },
        {
            "ip_address": "122.162.149.251",
            "device_model": "LE2101",
            "device_platform": "android",
            "device_os_versions": "12"
        },
        {
            "ip_address": "183.83.213.103",
            "device_model": "LE2101",
            "device_platform": "android",
            "device_os_versions": "12"
        },
        {
            "ip_address": "1.38.55.34",
            "device_model": "SM-S921B",
            "device_platform": "android",
            "device_os_versions": "14"
        },
        {
            "ip_address": "122.171.21.90",
            "device_model": "LE2101",
            "device_platform": "android",
            "device_os_versions": "12"
        },
        {
            "ip_address": "42.105.80.237",
            "device_model": "LE2101",
            "device_platform": "android",
            "device_os_versions": "12"
        },
        {
            "ip_address": "111.118.250.213",
            "device_model": "SM-S921B",
            "device_platform": "android",
            "device_os_versions": "14"
        },
        {
            "ip_address": "183.83.210.228",
            "device_model": "LE2101",
            "device_platform": "android",
            "device_os_versions": "12"
        },
        {
            "ip_address": "42.105.87.13",
            "device_model": "LE2101",
            "device_platform": "android",
            "device_os_versions": "12"
        },
        {
            "ip_address": "122.162.147.160",
            "device_model": "LE2101",
            "device_platform": "android",
            "device_os_versions": "12"
        },
        {
            "ip_address": "183.83.213.1",
            "device_model": "LE2101",
            "device_platform": "android",
            "device_os_versions": "12"
        },
        {
            "ip_address": "42.108.27.45",
            "device_model": "LE2101",
            "device_platform": "android",
            "device_os_versions": "12"
        },
        {
            "ip_address": "122.162.148.232",
            "device_model": "LE2101",
            "device_platform": "android",
            "device_os_versions": "12"
        },
        {
            "ip_address": "183.83.213.18",
            "device_model": "LE2101",
            "device_platform": "android",
            "device_os_versions": "12"
        },
        {
            "ip_address": "42.108.30.96",
            "device_model": "SM-S921B",
            "device_platform": "android",
            "device_os_versions": "14"
        },
        {
            "ip_address": "122.162.151.30",
            "device_model": "LE2101",
            "device_platform": "android",
            "device_os_versions": "12"
        },
        {
            "ip_address": "42.108.13.13",
            "device_model": "SM-S921B",
            "device_platform": "android",
            "device_os_versions": "14"
        },
        {
            "ip_address": "42.111.12.236",
            "device_model": "LE2101",
            "device_platform": "android",
            "device_os_versions": "12"
        },
        {
            "ip_address": "122.171.18.135",
            "device_model": "LE2101",
            "device_platform": "android",
            "device_os_versions": "12"
        },
        {
            "ip_address": "42.108.26.220",
            "device_model": "SM-S921B",
            "device_platform": "android",
            "device_os_versions": "14"
        },
        {
            "ip_address": "42.111.12.27",
            "device_model": "LE2101",
            "device_platform": "android",
            "device_os_versions": "12"
        },
        {
            "ip_address": "182.69.182.225",
            "device_model": "LE2101",
            "device_platform": "android",
            "device_os_versions": "12"
        },
        {
            "ip_address": "42.108.27.139",
            "device_model": "LE2101",
            "device_platform": "android",
            "device_os_versions": "12"
        },
        {
            "ip_address": "42.111.13.113",
            "device_model": "LE2101",
            "device_platform": "android",
            "device_os_versions": "12"
        },
        {
            "ip_address": "183.83.215.89",
            "device_model": "LE2101",
            "device_platform": "android",
            "device_os_versions": "12"
        },
        {
            "ip_address": "42.108.28.178",
            "device_model": "LE2101",
            "device_platform": "android",
            "device_os_versions": "12"
        },
        {
            "ip_address": "42.111.16.171",
            "device_model": "LE2101",
            "device_platform": "android",
            "device_os_versions": "12"
        },
        {
            "ip_address": "42.108.28.236",
            "device_model": "SM-S921B",
            "device_platform": "android",
            "device_os_versions": "14"
        },
        {
            "ip_address": "42.111.11.121",
            "device_model": "LE2101",
            "device_platform": "android",
            "device_os_versions": "12"
        },
        {
            "ip_address": "42.111.20.85",
            "device_model": "LE2101",
            "device_platform": "android",
            "device_os_versions": "12"
        },
        {
            "ip_address": "42.111.12.173",
            "device_model": "LE2101",
            "device_platform": "android",
            "device_os_versions": "12"
        },
        {
            "ip_address": "42.111.12.25",
            "device_model": "LE2101",
            "device_platform": "android",
            "device_os_versions": "12"
        },
        {
            "ip_address": "49.14.138.34",
            "device_model": "LE2101",
            "device_platform": "android",
            "device_os_versions": "12"
        },
        {
            "ip_address": "42.111.123.14",
            "device_model": "SM-S921B",
            "device_platform": "android",
            "device_os_versions": "14"
        },
        {
            "ip_address": "42.111.16.42",
            "device_model": "LE2101",
            "device_platform": "android",
            "device_os_versions": "12"
        },
        {
            "ip_address": "1.38.188.22",
            "device_model": "LE2101",
            "device_platform": "android",
            "device_os_versions": "12"
        },
        {
            "ip_address": "42.111.20.117",
            "device_model": "LE2101",
            "device_platform": "android",
            "device_os_versions": "12"
        },
        {
            "ip_address": "42.111.21.42",
            "device_model": "LE2101",
            "device_platform": "android",
            "device_os_versions": "12"
        },
        {
            "ip_address": "103.240.169.36",
            "device_model": "SM-S921B",
            "device_platform": "android",
            "device_os_versions": "14"
        },
        {
            "ip_address": "42.111.20.247",
            "device_model": "LE2101",
            "device_platform": "android",
            "device_os_versions": "12"
        },
        {
            "ip_address": "42.111.38.136",
            "device_model": "LE2101",
            "device_platform": "android",
            "device_os_versions": "12"
        },
        {
            "ip_address": "117.220.106.230",
            "device_model": "LE2101",
            "device_platform": "android",
            "device_os_versions": "12"
        },
        {
            "ip_address": "42.111.38.102",
            "device_model": "LE2101",
            "device_platform": "android",
            "device_os_versions": "12"
        },
        {
            "ip_address": "42.111.8.117",
            "device_model": "LE2101",
            "device_platform": "android",
            "device_os_versions": "12"
        },
        {
            "ip_address": "122.162.146.0",
            "device_model": "LE2101",
            "device_platform": "android",
            "device_os_versions": "12"
        },
        {
            "ip_address": "49.14.100.13",
            "device_model": "LE2101",
            "device_platform": "android",
            "device_os_versions": "12"
        },
        {
            "ip_address": "49.14.175.40",
            "device_model": "LE2101",
            "device_platform": "android",
            "device_os_versions": "12"
        },
        {
            "ip_address": "122.162.148.111",
            "device_model": "LE2101",
            "device_platform": "android",
            "device_os_versions": "12"
        },
        {
            "ip_address": "59.98.233.215",
            "device_model": "LE2101",
            "device_platform": "android",
            "device_os_versions": "12"
        },
        {
            "ip_address": "122.171.20.180",
            "device_model": "LE2101",
            "device_platform": "android",
            "device_os_versions": "12"
        },
        {
            "ip_address": "1.38.53.30",
            "device_model": "LE2101",
            "device_platform": "android",
            "device_os_versions": "12"
        },
        {
            "ip_address": "42.108.28.109",
            "device_model": "LE2101",
            "device_platform": "android",
            "device_os_versions": "12"
        },
        {
            "ip_address": "1.38.55.3",
            "device_model": "SM-S921B",
            "device_platform": "android",
            "device_os_versions": "14"
        },
        {
            "ip_address": "42.111.11.144",
            "device_model": "LE2101",
            "device_platform": "android",
            "device_os_versions": "12"
        },
        {
            "ip_address": "103.212.146.61",
            "device_model": "LE2101",
            "device_platform": "android",
            "device_os_versions": "12"
        },
        {
            "ip_address": "42.111.12.74",
            "device_model": "LE2101",
            "device_platform": "android",
            "device_os_versions": "12"
        },
        {
            "ip_address": "122.162.148.26",
            "device_model": "LE2101",
            "device_platform": "android",
            "device_os_versions": "12"
        },
        {
            "ip_address": "45.64.239.76",
            "device_model": "SM-S921B",
            "device_platform": "android",
            "device_os_versions": "14"
        },
        {
            "ip_address": "122.162.148.40",
            "device_model": "LE2101",
            "device_platform": "android",
            "device_os_versions": "12"
        },
        {
            "ip_address": "49.14.138.45",
            "device_model": "LE2101",
            "device_platform": "android",
            "device_os_versions": "12"
        },
        {
            "ip_address": "122.162.148.78",
            "device_model": "LE2101",
            "device_platform": "android",
            "device_os_versions": "12"
        },
        {
            "ip_address": "59.98.238.21",
            "device_model": "LE2101",
            "device_platform": "android",
            "device_os_versions": "12"
        },
        {
            "ip_address": "42.108.18.12",
            "device_model": "SM-S921B",
            "device_platform": "android",
            "device_os_versions": "14"
        },
        {
            "ip_address": "103.208.70.83",
            "device_model": "LE2101",
            "device_platform": "android",
            "device_os_versions": "12"
        },
        {
            "ip_address": "42.108.26.177",
            "device_model": "LE2101",
            "device_platform": "android",
            "device_os_versions": "12"
        },
        {
            "ip_address": "122.171.20.196",
            "device_model": "LE2101",
            "device_platform": "android",
            "device_os_versions": "12"
        },
        {
            "ip_address": "42.108.26.27",
            "device_model": "LE2101",
            "device_platform": "android",
            "device_os_versions": "12"
        },
        {
            "ip_address": "183.83.154.44",
            "device_model": "SM-S921B",
            "device_platform": "android",
            "device_os_versions": "14"
        },
        {
            "ip_address": "42.111.123.2",
            "device_model": "LE2101",
            "device_platform": "android",
            "device_os_versions": "12"
        },
        {
            "ip_address": "183.83.209.63",
            "device_model": "LE2101",
            "device_platform": "android",
            "device_os_versions": "12"
        },
        {
            "ip_address": "42.111.21.229",
            "device_model": "LE2101",
            "device_platform": "android",
            "device_os_versions": "12"
        },
        {
            "ip_address": "183.83.214.123",
            "device_model": "LE2101",
            "device_platform": "android",
            "device_os_versions": "12"
        },
        {
            "ip_address": "42.111.37.16",
            "device_model": "LE2101",
            "device_platform": "android",
            "device_os_versions": "12"
        },
        {
            "ip_address": "42.105.87.112",
            "device_model": "LE2101",
            "device_platform": "android",
            "device_os_versions": "12"
        },
        {
            "ip_address": "49.204.228.87",
            "device_model": "SM-S921B",
            "device_platform": "android",
            "device_os_versions": "14"
        },
        {
            "ip_address": "42.108.27.42",
            "device_model": "SM-S921B",
            "device_platform": "android",
            "device_os_versions": "14"
        },
        {
            "ip_address": "1.38.188.51",
            "device_model": "LE2101",
            "device_platform": "android",
            "device_os_versions": "12"
        },
        {
            "ip_address": "42.108.28.133",
            "device_model": "SM-S921B",
            "device_platform": "android",
            "device_os_versions": "14"
        },
        {
            "ip_address": "1.38.188.52",
            "device_model": "LE2101",
            "device_platform": "android",
            "device_os_versions": "12"
        },
        {
            "ip_address": "42.108.30.9",
            "device_model": "LE2101",
            "device_platform": "android",
            "device_os_versions": "12"
        },
        {
            "ip_address": "1.38.188.69",
            "device_model": "LE2101",
            "device_platform": "android",
            "device_os_versions": "12"
        },
        {
            "ip_address": "42.111.123.19",
            "device_model": "LE2101",
            "device_platform": "android",
            "device_os_versions": "12"
        },
        {
            "ip_address": "1.38.188.89",
            "device_model": "LE2101",
            "device_platform": "android",
            "device_os_versions": "12"
        },
        {
            "ip_address": "42.111.13.140",
            "device_model": "LE2101",
            "device_platform": "android",
            "device_os_versions": "12"
        },
        {
            "ip_address": "103.212.146.235",
            "device_model": "LE2101",
            "device_platform": "android",
            "device_os_versions": "12"
        },
        {
            "ip_address": "42.111.13.177",
            "device_model": "LE2101",
            "device_platform": "android",
            "device_os_versions": "12"
        },
        {
            "ip_address": "117.98.6.8",
            "device_model": "LE2101",
            "device_platform": "android",
            "device_os_versions": "12"
        },
        {
            "ip_address": "42.111.13.97",
            "device_model": "LE2101",
            "device_platform": "android",
            "device_os_versions": "12"
        },
        {
            "ip_address": "122.162.148.243",
            "device_model": "LE2101",
            "device_platform": "android",
            "device_os_versions": "12"
        },
        {
            "ip_address": "42.111.21.70",
            "device_model": "LE2101",
            "device_platform": "android",
            "device_os_versions": "12"
        },
        {
            "ip_address": "122.162.151.58",
            "device_model": "LE2101",
            "device_platform": "android",
            "device_os_versions": "12"
        },
        {
            "ip_address": "42.111.28.127",
            "device_model": "LE2101",
            "device_platform": "android",
            "device_os_versions": "12"
        },
        {
            "ip_address": "122.171.19.236",
            "device_model": "LE2101",
            "device_platform": "android",
            "device_os_versions": "12"
        },
        {
            "ip_address": "49.14.139.38",
            "device_model": "LE2101",
            "device_platform": "android",
            "device_os_versions": "12"
        },
        {
            "ip_address": "183.83.208.127",
            "device_model": "LE2101",
            "device_platform": "android",
            "device_os_versions": "12"
        },
        {
            "ip_address": "59.98.232.157",
            "device_model": "LE2101",
            "device_platform": "android",
            "device_os_versions": "12"
        },
        {
            "ip_address": "42.104.188.109",
            "device_model": "SM-S921B",
            "device_platform": "android",
            "device_os_versions": "14"
        },
        {
            "ip_address": "1.38.51.34",
            "device_model": "SM-S921B",
            "device_platform": "android",
            "device_os_versions": "14"
        },
        {
            "ip_address": "42.105.84.77",
            "device_model": "LE2101",
            "device_platform": "android",
            "device_os_versions": "12"
        },
        {
            "ip_address": "1.38.55.73",
            "device_model": "SM-S921B",
            "device_platform": "android",
            "device_os_versions": "14"
        },
        {
            "ip_address": "42.108.30.3",
            "device_model": "LE2101",
            "device_platform": "android",
            "device_os_versions": "12"
        },
        {
            "ip_address": "122.162.150.35",
            "device_model": "LE2101",
            "device_platform": "android",
            "device_os_versions": "12"
        },
        {
            "ip_address": "42.108.30.46",
            "device_model": "LE2101",
            "device_platform": "android",
            "device_os_versions": "12"
        },
        {
            "ip_address": "122.162.151.204",
            "device_model": "LE2101",
            "device_platform": "android",
            "device_os_versions": "12"
        },
        {
            "ip_address": "42.111.11.107",
            "device_model": "LE2101",
            "device_platform": "android",
            "device_os_versions": "12"
        },
        {
            "ip_address": "122.162.151.76",
            "device_model": "LE2101",
            "device_platform": "android",
            "device_os_versions": "12"
        },
        {
            "ip_address": "42.111.12.195",
            "device_model": "LE2101",
            "device_platform": "android",
            "device_os_versions": "12"
        },
        {
            "ip_address": "122.171.21.185",
            "device_model": "LE2101",
            "device_platform": "android",
            "device_os_versions": "12"
        },
        {
            "ip_address": "42.111.21.27",
            "device_model": "LE2101",
            "device_platform": "android",
            "device_os_versions": "12"
        },
        {
            "ip_address": "183.83.152.251",
            "device_model": "LE2101",
            "device_platform": "android",
            "device_os_versions": "12"
        },
        {
            "ip_address": "49.14.138.39",
            "device_model": "LE2101",
            "device_platform": "android",
            "device_os_versions": "12"
        },
        {
            "ip_address": "183.83.210.128",
            "device_model": "LE2101",
            "device_platform": "android",
            "device_os_versions": "12"
        },
        {
            "ip_address": "49.14.162.75",
            "device_model": "LE2101",
            "device_platform": "android",
            "device_os_versions": "12"
        },
        {
            "ip_address": "183.83.212.24",
            "device_model": "LE2101",
            "device_platform": "android",
            "device_os_versions": "12"
        },
        {
            "ip_address": "1.38.188.124",
            "device_model": "LE2101",
            "device_platform": "android",
            "device_os_versions": "12"
        },
        {
            "ip_address": "42.108.11.168",
            "device_model": "SM-S921B",
            "device_platform": "android",
            "device_os_versions": "14"
        },
        {
            "ip_address": "1.38.188.41",
            "device_model": "LE2101",
            "device_platform": "android",
            "device_os_versions": "12"
        },
        {
            "ip_address": "42.108.22.38",
            "device_model": "SM-S921B",
            "device_platform": "android",
            "device_os_versions": "14"
        },
        {
            "ip_address": "171.76.84.32",
            "device_model": "SM-S921B",
            "device_platform": "android",
            "device_os_versions": "14"
        },
        {
            "ip_address": "42.108.26.169",
            "device_model": "SM-S921B",
            "device_platform": "android",
            "device_os_versions": "14"
        },
        {
            "ip_address": "183.83.155.91",
            "device_model": "SM-S921B",
            "device_platform": "android",
            "device_os_versions": "14"
        },
        {
            "ip_address": "42.108.30.44",
            "device_model": "LE2101",
            "device_platform": "android",
            "device_os_versions": "12"
        },
        {
            "ip_address": "183.83.208.145",
            "device_model": "LE2101",
            "device_platform": "android",
            "device_os_versions": "12"
        },
        {
            "ip_address": "42.108.30.52",
            "device_model": "SM-S921B",
            "device_platform": "android",
            "device_os_versions": "14"
        },
        {
            "ip_address": "42.105.84.50",
            "device_model": "LE2101",
            "device_platform": "android",
            "device_os_versions": "12"
        },
        {
            "ip_address": "42.108.65.46",
            "device_model": "SM-S921B",
            "device_platform": "android",
            "device_os_versions": "14"
        },
        {
            "ip_address": "42.105.85.201",
            "device_model": "SM-S921B",
            "device_platform": "android",
            "device_os_versions": "14"
        },
        {
            "ip_address": "42.111.21.4",
            "device_model": "LE2101",
            "device_platform": "android",
            "device_os_versions": "12"
        },
        {
            "ip_address": "42.108.29.157",
            "device_model": "SM-S921B",
            "device_platform": "android",
            "device_os_versions": "14"
        },
        {
            "ip_address": "42.111.21.81",
            "device_model": "LE2101",
            "device_platform": "android",
            "device_os_versions": "12"
        },
        {
            "ip_address": "42.108.29.89",
            "device_model": "SM-S921B",
            "device_platform": "android",
            "device_os_versions": "14"
        },
        {
            "ip_address": "49.14.157.67",
            "device_model": "LE2101",
            "device_platform": "android",
            "device_os_versions": "12"
        },
        {
            "ip_address": "42.108.64.23",
            "device_model": "LE2101",
            "device_platform": "android",
            "device_os_versions": "12"
        },
        {
            "ip_address": "117.220.107.17",
            "device_model": "LE2101",
            "device_platform": "android",
            "device_os_versions": "12"
        },
        {
            "ip_address": "42.111.21.134",
            "device_model": "LE2101",
            "device_platform": "android",
            "device_os_versions": "12"
        },
        {
            "ip_address": "183.83.154.226",
            "device_model": "LE2101",
            "device_platform": "android",
            "device_os_versions": "12"
        },
        {
            "ip_address": "42.111.8.123",
            "device_model": "LE2101",
            "device_platform": "android",
            "device_os_versions": "12"
        },
        {
            "ip_address": "183.83.156.14",
            "device_model": "LE2101",
            "device_platform": "android",
            "device_os_versions": "12"
        },
        {
            "ip_address": "49.14.157.209",
            "device_model": "LE2101",
            "device_platform": "android",
            "device_os_versions": "12"
        },
        {
            "ip_address": "183.83.208.108",
            "device_model": "LE2101",
            "device_platform": "android",
            "device_os_versions": "12"
        },
        {
            "ip_address": "103.212.146.27",
            "device_model": "LE2101",
            "device_platform": "android",
            "device_os_versions": "12"
        },
        {
            "ip_address": "42.105.81.185",
            "device_model": "LE2101",
            "device_platform": "android",
            "device_os_versions": "12"
        },
        {
            "ip_address": "117.220.100.172",
            "device_model": "LE2101",
            "device_platform": "android",
            "device_os_versions": "12"
        },
        {
            "ip_address": "42.105.87.135",
            "device_model": "LE2101",
            "device_platform": "android",
            "device_os_versions": "12"
        },
        {
            "ip_address": "122.162.145.50",
            "device_model": "LE2101",
            "device_platform": "android",
            "device_os_versions": "12"
        },
        {
            "ip_address": "42.108.25.80",
            "device_model": "SM-S921B",
            "device_platform": "android",
            "device_os_versions": "14"
        },
        {
            "ip_address": "183.83.214.198",
            "device_model": "LE2101",
            "device_platform": "android",
            "device_os_versions": "12"
        },
        {
            "ip_address": "42.108.29.153",
            "device_model": "SM-S921B",
            "device_platform": "android",
            "device_os_versions": "14"
        },
        {
            "ip_address": "183.83.215.193",
            "device_model": "LE2101",
            "device_platform": "android",
            "device_os_versions": "12"
        },
        {
            "ip_address": "42.108.30.12",
            "device_model": "LE2101",
            "device_platform": "android",
            "device_os_versions": "12"
        },
        {
            "ip_address": "42.108.28.170",
            "device_model": "SM-S921B",
            "device_platform": "android",
            "device_os_versions": "14"
        },
        {
            "ip_address": "42.108.64.35",
            "device_model": "LE2101",
            "device_platform": "android",
            "device_os_versions": "12"
        },
        {
            "ip_address": "42.108.28.30",
            "device_model": "SM-S921B",
            "device_platform": "android",
            "device_os_versions": "14"
        },
        {
            "ip_address": "42.111.11.185",
            "device_model": "LE2101",
            "device_platform": "android",
            "device_os_versions": "12"
        },
        {
            "ip_address": "42.108.29.7",
            "device_model": "SM-S921B",
            "device_platform": "android",
            "device_os_versions": "14"
        },
        {
            "ip_address": "42.111.125.19",
            "device_model": "SM-S921B",
            "device_platform": "android",
            "device_os_versions": "14"
        },
        {
            "ip_address": "42.108.29.95",
            "device_model": "LE2101",
            "device_platform": "android",
            "device_os_versions": "12"
        },
        {
            "ip_address": "49.14.153.16",
            "device_model": "LE2101",
            "device_platform": "android",
            "device_os_versions": "12"
        },
        {
            "ip_address": "42.111.12.225",
            "device_model": "LE2101",
            "device_platform": "android",
            "device_os_versions": "12"
        },
        {
            "ip_address": "1.38.188.71",
            "device_model": "LE2101",
            "device_platform": "android",
            "device_os_versions": "12"
        },
        {
            "ip_address": "42.111.21.71",
            "device_model": "LE2101",
            "device_platform": "android",
            "device_os_versions": "12"
        },
        {
            "ip_address": "1.38.188.91",
            "device_model": "LE2101",
            "device_platform": "android",
            "device_os_versions": "12"
        },
        {
            "ip_address": "49.14.101.12",
            "device_model": "LE2101",
            "device_platform": "android",
            "device_os_versions": "12"
        },
        {
            "ip_address": "103.212.146.107",
            "device_model": "LE2101",
            "device_platform": "android",
            "device_os_versions": "12"
        },
        {
            "ip_address": "49.14.174.14",
            "device_model": "LE2101",
            "device_platform": "android",
            "device_os_versions": "12"
        },
        {
            "ip_address": "122.162.145.116",
            "device_model": "LE2101",
            "device_platform": "android",
            "device_os_versions": "12"
        },
        {
            "ip_address": "1.38.188.92",
            "device_model": "LE2101",
            "device_platform": "android",
            "device_os_versions": "12"
        },
        {
            "ip_address": "183.83.158.24",
            "device_model": "LE2101",
            "device_platform": "android",
            "device_os_versions": "12"
        },
        {
            "ip_address": "103.208.225.172",
            "device_model": "SM-S921B",
            "device_platform": "android",
            "device_os_versions": "14"
        },
        {
            "ip_address": "42.105.104.218",
            "device_model": "LE2101",
            "device_platform": "android",
            "device_os_versions": "12"
        },
        {
            "ip_address": "122.162.149.109",
            "device_model": "LE2101",
            "device_platform": "android",
            "device_os_versions": "12"
        },
        {
            "ip_address": "42.105.83.80",
            "device_model": "LE2101",
            "device_platform": "android",
            "device_os_versions": "12"
        },
        {
            "ip_address": "122.162.151.240",
            "device_model": "LE2101",
            "device_platform": "android",
            "device_os_versions": "12"
        },
        {
            "ip_address": "42.108.65.21",
            "device_model": "SM-S921B",
            "device_platform": "android",
            "device_os_versions": "14"
        },
        {
            "ip_address": "136.232.15.206",
            "device_model": "SM-S921B",
            "device_platform": "android",
            "device_os_versions": "14"
        },
        {
            "ip_address": "42.108.66.19",
            "device_model": "SM-S921B",
            "device_platform": "android",
            "device_os_versions": "14"
        },
        {
            "ip_address": "183.83.213.155",
            "device_model": "LE2101",
            "device_platform": "android",
            "device_os_versions": "12"
        },
        {
            "ip_address": "42.111.12.44",
            "device_model": "LE2101",
            "device_platform": "android",
            "device_os_versions": "12"
        },
        {
            "ip_address": "42.105.105.208",
            "device_model": "LE2101",
            "device_platform": "android",
            "device_os_versions": "12"
        },
        {
            "ip_address": "42.111.122.14",
            "device_model": "LE2101",
            "device_platform": "android",
            "device_os_versions": "12"
        },
        {
            "ip_address": "42.108.26.160",
            "device_model": "LE2101",
            "device_platform": "android",
            "device_os_versions": "12"
        },
        {
            "ip_address": "42.111.30.90",
            "device_model": "SM-S921B",
            "device_platform": "android",
            "device_os_versions": "14"
        },
        {
            "ip_address": "42.108.27.89",
            "device_model": "SM-S921B",
            "device_platform": "android",
            "device_os_versions": "14"
        },
        {
            "ip_address": "49.14.154.67",
            "device_model": "LE2101",
            "device_platform": "android",
            "device_os_versions": "12"
        },
        {
            "ip_address": "42.108.28.66",
            "device_model": "LE2101",
            "device_platform": "android",
            "device_os_versions": "12"
        },
        {
            "ip_address": "59.89.76.83",
            "device_model": "LE2101",
            "device_platform": "android",
            "device_os_versions": "12"
        },
        {
            "ip_address": "42.108.30.32",
            "device_model": "LE2101",
            "device_platform": "android",
            "device_os_versions": "12"
        },
        {
            "ip_address": "103.212.146.95",
            "device_model": "LE2101",
            "device_platform": "android",
            "device_os_versions": "12"
        },
        {
            "ip_address": "42.111.13.232",
            "device_model": "LE2101",
            "device_platform": "android",
            "device_os_versions": "12"
        },
        {
            "ip_address": "122.162.148.149",
            "device_model": "LE2101",
            "device_platform": "android",
            "device_os_versions": "12"
        },
        {
            "ip_address": "42.111.20.131",
            "device_model": "LE2101",
            "device_platform": "android",
            "device_os_versions": "12"
        },
        {
            "ip_address": "122.162.148.16",
            "device_model": "LE2101",
            "device_platform": "android",
            "device_os_versions": "12"
        },
        {
            "ip_address": "49.14.158.23",
            "device_model": "LE2101",
            "device_platform": "android",
            "device_os_versions": "12"
        },
        {
            "ip_address": "122.162.150.132",
            "device_model": "LE2101",
            "device_platform": "android",
            "device_os_versions": "12"
        },
        {
            "ip_address": "49.237.45.208",
            "device_model": "SM-S921B",
            "device_platform": "android",
            "device_os_versions": "14"
        },
        {
            "ip_address": "183.83.215.225",
            "device_model": "LE2101",
            "device_platform": "android",
            "device_os_versions": "12"
        },
        {
            "ip_address": "1.38.188.21",
            "device_model": "LE2101",
            "device_platform": "android",
            "device_os_versions": "12"
        },
        {
            "ip_address": "42.108.29.12",
            "device_model": "SM-S921B",
            "device_platform": "android",
            "device_os_versions": "14"
        },
        {
            "ip_address": "1.38.49.26",
            "device_model": "SM-S921B",
            "device_platform": "android",
            "device_os_versions": "14"
        },
        {
            "ip_address": "42.108.64.25",
            "device_model": "LE2101",
            "device_platform": "android",
            "device_os_versions": "12"
        },
        {
            "ip_address": "122.162.146.106",
            "device_model": "LE2101",
            "device_platform": "android",
            "device_os_versions": "12"
        },
        {
            "ip_address": "42.111.11.125",
            "device_model": "LE2101",
            "device_platform": "android",
            "device_os_versions": "12"
        },
        {
            "ip_address": "171.76.85.64",
            "device_model": "SM-S921B",
            "device_platform": "android",
            "device_os_versions": "14"
        },
        {
            "ip_address": "42.111.11.152",
            "device_model": "LE2101",
            "device_platform": "android",
            "device_os_versions": "12"
        },
        {
            "ip_address": "42.104.189.198",
            "device_model": "SM-S921B",
            "device_platform": "android",
            "device_os_versions": "14"
        },
        {
            "ip_address": "42.111.12.28",
            "device_model": "LE2101",
            "device_platform": "android",
            "device_os_versions": "12"
        },
        {
            "ip_address": "42.105.104.248",
            "device_model": "LE2101",
            "device_platform": "android",
            "device_os_versions": "12"
        },
        {
            "ip_address": "42.111.13.88",
            "device_model": "LE2101",
            "device_platform": "android",
            "device_os_versions": "12"
        },
        {
            "ip_address": "42.105.85.170",
            "device_model": "LE2101",
            "device_platform": "android",
            "device_os_versions": "12"
        },
        {
            "ip_address": "42.111.21.109",
            "device_model": "LE2101",
            "device_platform": "android",
            "device_os_versions": "12"
        },
        {
            "ip_address": "42.108.13.22",
            "device_model": "SM-S921B",
            "device_platform": "android",
            "device_os_versions": "14"
        },
        {
            "ip_address": "42.111.21.146",
            "device_model": "LE2101",
            "device_platform": "android",
            "device_os_versions": "12"
        },
        {
            "ip_address": "42.111.19.5",
            "device_model": "LE2101",
            "device_platform": "android",
            "device_os_versions": "12"
        },
        {
            "ip_address": "42.111.8.46",
            "device_model": "LE2101",
            "device_platform": "android",
            "device_os_versions": "12"
        },
        {
            "ip_address": "42.111.20.97",
            "device_model": "LE2101",
            "device_platform": "android",
            "device_os_versions": "12"
        },
        {
            "ip_address": "59.89.78.155",
            "device_model": "LE2101",
            "device_platform": "android",
            "device_os_versions": "12"
        },
        {
            "ip_address": "42.111.8.62",
            "device_model": "LE2101",
            "device_platform": "android",
            "device_os_versions": "12"
        },
        {
            "ip_address": "1.38.188.100",
            "device_model": "LE2101",
            "device_platform": "android",
            "device_os_versions": "12"
        },
        {
            "ip_address": "103.212.146.110",
            "device_model": "LE2101",
            "device_platform": "android",
            "device_os_versions": "12"
        },
        {
            "ip_address": "1.38.50.1",
            "device_model": "SM-S921B",
            "device_platform": "android",
            "device_os_versions": "14"
        },
        {
            "ip_address": "103.212.146.3",
            "device_model": "LE2101",
            "device_platform": "android",
            "device_os_versions": "12"
        },
        {
            "ip_address": "183.83.215.148",
            "device_model": "LE2101",
            "device_platform": "android",
            "device_os_versions": "12"
        },
        {
            "ip_address": "122.162.148.150",
            "device_model": "LE2101",
            "device_platform": "android",
            "device_os_versions": "12"
        },
        {
            "ip_address": "42.105.87.134",
            "device_model": "LE2101",
            "device_platform": "android",
            "device_os_versions": "12"
        },
        {
            "ip_address": "122.162.149.49",
            "device_model": "LE2101",
            "device_platform": "android",
            "device_os_versions": "12"
        },
        {
            "ip_address": "42.111.122.16",
            "device_model": "LE2101",
            "device_platform": "android",
            "device_os_versions": "12"
        },
        {
            "ip_address": "183.83.153.228",
            "device_model": "SM-S921B",
            "device_platform": "android",
            "device_os_versions": "14"
        },
        {
            "ip_address": "42.111.123.4",
            "device_model": "SM-S921B",
            "device_platform": "android",
            "device_os_versions": "14"
        },
        {
            "ip_address": "42.108.28.99",
            "device_model": "LE2101",
            "device_platform": "android",
            "device_os_versions": "12"
        },
        {
            "ip_address": "42.111.18.1",
            "device_model": "LE2101",
            "device_platform": "android",
            "device_os_versions": "12"
        },
        {
            "ip_address": "42.111.122.1",
            "device_model": "SM-S921B",
            "device_platform": "android",
            "device_os_versions": "14"
        },
        {
            "ip_address": "49.14.136.62",
            "device_model": "LE2101",
            "device_platform": "android",
            "device_os_versions": "12"
        },
        {
            "ip_address": "42.111.13.154",
            "device_model": "LE2101",
            "device_platform": "android",
            "device_os_versions": "12"
        },
        {
            "ip_address": "49.14.157.219",
            "device_model": "LE2101",
            "device_platform": "android",
            "device_os_versions": "12"
        },
        {
            "ip_address": "42.111.20.13",
            "device_model": "LE2101",
            "device_platform": "android",
            "device_os_versions": "12"
        },
        {
            "ip_address": "1.38.188.123",
            "device_model": "LE2101",
            "device_platform": "android",
            "device_os_versions": "12"
        },
        {
            "ip_address": "49.14.154.89",
            "device_model": "LE2101",
            "device_platform": "android",
            "device_os_versions": "12"
        },
        {
            "ip_address": "1.38.188.228",
            "device_model": "LE2101",
            "device_platform": "android",
            "device_os_versions": "12"
        },
        {
            "ip_address": "59.89.78.117",
            "device_model": "LE2101",
            "device_platform": "android",
            "device_os_versions": "12"
        },
        {
            "ip_address": "1.38.54.1",
            "device_model": "SM-S921B",
            "device_platform": "android",
            "device_os_versions": "14"
        },
        {
            "ip_address": "1.38.188.1",
            "device_model": "LE2101",
            "device_platform": "android",
            "device_os_versions": "12"
        },
        {
            "ip_address": "117.98.4.155",
            "device_model": "LE2101",
            "device_platform": "android",
            "device_os_versions": "12"
        },
        {
            "ip_address": "103.39.126.155",
            "device_model": "SM-S921B",
            "device_platform": "android",
            "device_os_versions": "14"
        },
        {
            "ip_address": "122.171.16.180",
            "device_model": "LE2101",
            "device_platform": "android",
            "device_os_versions": "12"
        },
        {
            "ip_address": "117.98.18.73",
            "device_model": "LE2101",
            "device_platform": "android",
            "device_os_versions": "12"
        },
        {
            "ip_address": "183.83.155.20",
            "device_model": "LE2101",
            "device_platform": "android",
            "device_os_versions": "12"
        },
        {
            "ip_address": "122.162.150.47",
            "device_model": "LE2101",
            "device_platform": "android",
            "device_os_versions": "12"
        },
        {
            "ip_address": "42.105.105.18",
            "device_model": "LE2101",
            "device_platform": "android",
            "device_os_versions": "12"
        },
        {
            "ip_address": "122.162.151.98",
            "device_model": "LE2101",
            "device_platform": "android",
            "device_os_versions": "12"
        },
        {
            "ip_address": "42.105.105.226",
            "device_model": "LE2101",
            "device_platform": "android",
            "device_os_versions": "12"
        },
        {
            "ip_address": "183.83.212.189",
            "device_model": "LE2101",
            "device_platform": "android",
            "device_os_versions": "12"
        },
        {
            "ip_address": "42.105.105.41",
            "device_model": "LE2101",
            "device_platform": "android",
            "device_os_versions": "12"
        },
        {
            "ip_address": "183.83.213.154",
            "device_model": "LE2101",
            "device_platform": "android",
            "device_os_versions": "12"
        },
        {
            "ip_address": "42.105.81.51",
            "device_model": "LE2101",
            "device_platform": "android",
            "device_os_versions": "12"
        },
        {
            "ip_address": "42.104.189.233",
            "device_model": "SM-S921B",
            "device_platform": "android",
            "device_os_versions": "14"
        },
        {
            "ip_address": "42.108.28.139",
            "device_model": "SM-S921B",
            "device_platform": "android",
            "device_os_versions": "14"
        },
        {
            "ip_address": "42.105.80.140",
            "device_model": "LE2101",
            "device_platform": "android",
            "device_os_versions": "12"
        },
        {
            "ip_address": "42.108.28.212",
            "device_model": "SM-S921B",
            "device_platform": "android",
            "device_os_versions": "14"
        },
        {
            "ip_address": "42.105.84.177",
            "device_model": "LE2101",
            "device_platform": "android",
            "device_os_versions": "12"
        },
        {
            "ip_address": "42.108.29.203",
            "device_model": "SM-S921B",
            "device_platform": "android",
            "device_os_versions": "14"
        },
        {
            "ip_address": "42.108.26.72",
            "device_model": "LE2101",
            "device_platform": "android",
            "device_os_versions": "12"
        },
        {
            "ip_address": "42.108.30.77",
            "device_model": "LE2101",
            "device_platform": "android",
            "device_os_versions": "12"
        },
        {
            "ip_address": "42.108.28.131",
            "device_model": "SM-S921B",
            "device_platform": "android",
            "device_os_versions": "14"
        },
        {
            "ip_address": "42.108.64.80",
            "device_model": "SM-S921B",
            "device_platform": "android",
            "device_os_versions": "14"
        },
        {
            "ip_address": "42.108.30.77",
            "device_model": "SM-S921B",
            "device_platform": "android",
            "device_os_versions": "14"
        },
        {
            "ip_address": "42.108.8.6",
            "device_model": "LE2101",
            "device_platform": "android",
            "device_os_versions": "12"
        },
        {
            "ip_address": "49.14.136.5",
            "device_model": "LE2101",
            "device_platform": "android",
            "device_os_versions": "12"
        },
        {
            "ip_address": "42.111.12.97",
            "device_model": "LE2101",
            "device_platform": "android",
            "device_os_versions": "12"
        },
        {
            "ip_address": "49.37.161.57",
            "device_model": "SM-S921B",
            "device_platform": "android",
            "device_os_versions": "14"
        },
        {
            "ip_address": "42.111.13.182",
            "device_model": "LE2101",
            "device_platform": "android",
            "device_os_versions": "12"
        },
        {
            "ip_address": "42.111.13.2",
            "device_model": "LE2101",
            "device_platform": "android",
            "device_os_versions": "12"
        },
        {
            "ip_address": "42.111.31.0",
            "device_model": "LE2101",
            "device_platform": "android",
            "device_os_versions": "12"
        },
        {
            "ip_address": "42.111.8.243",
            "device_model": "LE2101",
            "device_platform": "android",
            "device_os_versions": "12"
        },
        {
            "ip_address": "49.14.101.89",
            "device_model": "LE2101",
            "device_platform": "android",
            "device_os_versions": "12"
        }
    ],
    "identity": {
        "email": "thetathagatarya@gmail.com",
        "instagram_authorized": false,
        "phone_number": "+917838325797",
        "phone_country_code": "IN",
        "phone_country_calling_code": "91",
        "phone_carrier": "Vodafone India Ltd",
        "phone_line_type": "Mobile",
        "phone_is_prepaid": false
    }
}