[
    {
        "id": 1,
        "timestamp": "2025-01-16 21:17:27.114477",
        "hinge_prompt": "The dorkiest thing about me is",
        "hinge_prompt_answer": "I love doing crosswords, those brain puzzles, all of the nyt games - I\u2019m assuming you get it by now lol",
        "requested_feedback": "If you want to add more, share a favorite puzzle or ask about theirs!"
    },
    {
        "id": 2,
        "timestamp": "2025-01-16 21:17:27.164732",
        "hinge_prompt": "I'm convinced that",
        "hinge_prompt_answer": "the best way to deal w problems is to take a nap",
        "requested_feedback": "If you want to add more, consider sharing why naps help you or ask if others agree!"
    },
    {
        "id": 3,
        "timestamp": "2025-01-16 21:17:27.598831",
        "hinge_prompt": "First round is on me if",
        "hinge_prompt_answer": "I lose to you in any competitive game we choose beforehand :P",
        "requested_feedback": "If you want to add more, consider adding a specific game you enjoy! What's your favorite competitive game to play?"
    }
]