[
    {
        "id": 2,
        "timestamp": "2025-02-17 01:20:09.77312",
        "hinge_prompt": "The way to win me over is",
        "hinge_prompt_answer": "remember things about me i forgot i even told you about",
        "requested_feedback": "If you want to add more, consider sharing a specific example or ask about their favorite memory."
    },
    {
        "id": 1,
        "timestamp": "2025-02-17 01:20:10.161325",
        "hinge_prompt": "My cry-in-the-car song is",
        "hinge_prompt_answer": "beauty and a beat by jb",
        "requested_feedback": "If you want to add more, consider sharing why this song resonates with you. What memories or feelings does it bring up?"
    }
]