{
    "identity": {
        "email": "mlzambranodavila@gmail.com",
        "instagram_authorized": false,
        "phone_number": "+18043638085",
        "phone_country_code": "US",
        "phone_country_calling_code": "1",
        "phone_carrier": "T-Mobile USA",
        "phone_line_type": "Mobile"
    },
    "location": {
        "latitude": 37.575210117514544,
        "longitude": -77.54483297723681,
        "country_short": "US",
        "admin_area_1": "Virginia",
        "admin_area_1_short": "VA",
        "admin_area_2": "Henrico County",
        "cbsa": "Richmond,  VA",
        "neighborhood": "The West End",
        "postal_code": "23173"
    },
    "profile": {
        "first_name": "Maria",
        "age": 23,
        "height_centimeters": 147,
        "gender": "female",
        "gender_identity": "Woman",
        "gender_identity_displayed": false,
        "ethnicities": "[\"Hispanic/Latino\"]",
        "ethnicities_displayed": false,
        "religions": "[\"Agnostic\",\"Spiritual\",\"Other\"]",
        "religions_displayed": false,
        "workplaces_displayed": false,
        "job_title_displayed": false,
        "schools_displayed": false,
        "hometowns_displayed": false,
        "smoking": "No",
        "smoking_displayed": true,
        "drinking": "No",
        "drinking_displayed": true,
        "marijuana": "No",
        "marijuana_displayed": true,
        "drugs": "No",
        "drugs_displayed": false,
        "children": "Don't have children",
        "children_displayed": false,
        "family_plans": "Want children",
        "family_plans_displayed": false,
        "education_attained": "Prefer Not to Say",
        "politics": "Liberal",
        "politics_displayed": true,
        "instagram_displayed": false,
        "dating_intention_displayed": false,
        "dating_intention": "Long-term relationship, open to short",
        "relationship_type_displayed": false,
        "relationship_types": "Monogamy"
    },
    "account": {
        "signup_time": "2024-10-01 03:49:30.673352",
        "last_pause_time": "2024-11-11 15:02:08.409",
        "last_unpause_time": "2024-11-21 04:59:40.625",
        "last_seen": "2025-02-26 21:45:17.656",
        "device_platform": "ios",
        "device_os": "18.3.1",
        "device_model": "unknown",
        "app_version": "9.67.0",
        "push_notifications_enabled": false
    },
    "preferences": {
        "distance_miles_max": 42,
        "age_min": 22,
        "age_max": 29,
        "age_dealbreaker": true,
        "height_min": 92,
        "height_max": 214,
        "height_dealbreaker": false,
        "gender_preference": "Men",
        "ethnicity_preference": "[\"Open to All\"]",
        "ethnicity_dealbreaker": false,
        "religion_preference": "[\"Open to All\"]",
        "religion_dealbreaker": false,
        "smoking_preference": "[\"Open to All\"]",
        "smoking_dealbreaker": false,
        "drinking_preference": "[\"Open to All\"]",
        "drinking_dealbreaker": false,
        "marijuana_preference": "[\"Open to All\"]",
        "marijuana_dealbreaker": false,
        "drugs_preference": "[\"Open to All\"]",
        "drugs_dealbreaker": false,
        "children_preference": "[\"Open to All\"]",
        "children_dealbreaker": false,
        "family_plans_preference": "[\"Open to All\"]",
        "family_plans_dealbreaker": false,
        "education_attained_preference": "[\"Open to All\"]",
        "education_attained_dealbreaker": false,
        "politics_preference": "[\"Open to All\"]",
        "politics_dealbreaker": false
    },
    "devices": [
        {
            "ip_address": "141.166.134.243",
            "device_model": "unknown",
            "device_platform": "ios",
            "device_os_versions": "17.6.1"
        },
        {
            "ip_address": "141.166.131.191",
            "device_model": "unknown",
            "device_platform": "ios",
            "device_os_versions": "17.6.1"
        },
        {
            "ip_address": "141.166.156.78",
            "device_model": "unknown",
            "device_platform": "ios",
            "device_os_versions": "17.6.1"
        },
        {
            "ip_address": "141.166.142.180",
            "device_model": "unknown",
            "device_platform": "ios",
            "device_os_versions": "18.1.1"
        },
        {
            "ip_address": "172.56.194.195",
            "device_model": "unknown",
            "device_platform": "ios",
            "device_os_versions": "17.6.1"
        },
        {
            "ip_address": "141.166.149.60",
            "device_model": "unknown",
            "device_platform": "ios",
            "device_os_versions": "18.1.1"
        },
        {
            "ip_address": "50.202.43.9",
            "device_model": "unknown",
            "device_platform": "ios",
            "device_os_versions": "18.1.1"
        },
        {
            "ip_address": "141.166.155.46",
            "device_model": "unknown",
            "device_platform": "ios",
            "device_os_versions": "18.1.1"
        },
        {
            "ip_address": "141.166.136.94",
            "device_model": "unknown",
            "device_platform": "ios",
            "device_os_versions": "17.6.1"
        },
        {
            "ip_address": "141.166.130.72",
            "device_model": "unknown",
            "device_platform": "ios",
            "device_os_versions": "18.1.1"
        },
        {
            "ip_address": "141.166.134.206",
            "device_model": "unknown",
            "device_platform": "ios",
            "device_os_versions": "17.6.1"
        },
        {
            "ip_address": "141.166.135.218",
            "device_model": "unknown",
            "device_platform": "ios",
            "device_os_versions": "18.1.1"
        },
        {
            "ip_address": "172.56.194.115",
            "device_model": "unknown",
            "device_platform": "ios",
            "device_os_versions": "17.6.1"
        },
        {
            "ip_address": "141.166.144.195",
            "device_model": "unknown",
            "device_platform": "ios",
            "device_os_versions": "17.6.1"
        },
        {
            "ip_address": "141.166.140.116",
            "device_model": "unknown",
            "device_platform": "ios",
            "device_os_versions": "18.1.1"
        },
        {
            "ip_address": "141.166.149.115",
            "device_model": "unknown",
            "device_platform": "ios",
            "device_os_versions": "18.1.1"
        },
        {
            "ip_address": "141.166.140.136",
            "device_model": "unknown",
            "device_platform": "ios",
            "device_os_versions": "18.1.1"
        },
        {
            "ip_address": "172.56.194.69",
            "device_model": "unknown",
            "device_platform": "ios",
            "device_os_versions": "17.6.1"
        },
        {
            "ip_address": "141.166.145.21",
            "device_model": "unknown",
            "device_platform": "ios",
            "device_os_versions": "17.6.1"
        },
        {
            "ip_address": "141.166.148.21",
            "device_model": "unknown",
            "device_platform": "ios",
            "device_os_versions": "17.6.1"
        },
        {
            "ip_address": "141.166.151.196",
            "device_model": "unknown",
            "device_platform": "ios",
            "device_os_versions": "17.6.1"
        },
        {
            "ip_address": "141.166.148.125",
            "device_model": "unknown",
            "device_platform": "ios",
            "device_os_versions": "17.6.1"
        },
        {
            "ip_address": "172.56.194.7",
            "device_model": "unknown",
            "device_platform": "ios",
            "device_os_versions": "17.6.1"
        },
        {
            "ip_address": "141.166.145.62",
            "device_model": "unknown",
            "device_platform": "ios",
            "device_os_versions": "18.1.1"
        },
        {
            "ip_address": "141.166.154.226",
            "device_model": "unknown",
            "device_platform": "ios",
            "device_os_versions": "18.1.1"
        },
        {
            "ip_address": "172.56.197.180",
            "device_model": "unknown",
            "device_platform": "ios",
            "device_os_versions": "17.6.1"
        },
        {
            "ip_address": "141.166.158.8",
            "device_model": "unknown",
            "device_platform": "ios",
            "device_os_versions": "18.1.1"
        },
        {
            "ip_address": "172.56.199.15",
            "device_model": "unknown",
            "device_platform": "ios",
            "device_os_versions": "18.1.1"
        },
        {
            "ip_address": "141.166.152.151",
            "device_model": "unknown",
            "device_platform": "ios",
            "device_os_versions": "18.1.1"
        },
        {
            "ip_address": "141.166.157.93",
            "device_model": "unknown",
            "device_platform": "ios",
            "device_os_versions": "18.1.1"
        },
        {
            "ip_address": "172.56.199.251",
            "device_model": "unknown",
            "device_platform": "ios",
            "device_os_versions": "18.1.1"
        },
        {
            "ip_address": "172.56.199.114",
            "device_model": "unknown",
            "device_platform": "ios",
            "device_os_versions": "18.1.1"
        },
        {
            "ip_address": "141.166.136.56",
            "device_model": "unknown",
            "device_platform": "ios",
            "device_os_versions": "17.6.1"
        },
        {
            "ip_address": "141.166.155.230",
            "device_model": "unknown",
            "device_platform": "ios",
            "device_os_versions": "17.6.1"
        },
        {
            "ip_address": "141.166.158.226",
            "device_model": "unknown",
            "device_platform": "ios",
            "device_os_versions": "18.1.1"
        },
        {
            "ip_address": "172.56.216.218",
            "device_model": "unknown",
            "device_platform": "ios",
            "device_os_versions": "17.6.1"
        },
        {
            "ip_address": "172.56.199.70",
            "device_model": "unknown",
            "device_platform": "ios",
            "device_os_versions": "18.1.1"
        },
        {
            "ip_address": "141.166.138.138",
            "device_model": "unknown",
            "device_platform": "ios",
            "device_os_versions": "18.1.1"
        },
        {
            "ip_address": "172.58.244.231",
            "device_model": "unknown",
            "device_platform": "ios",
            "device_os_versions": "17.6.1"
        },
        {
            "ip_address": "172.56.198.32",
            "device_model": "unknown",
            "device_platform": "ios",
            "device_os_versions": "18.1.1"
        },
        {
            "ip_address": "172.56.3.215",
            "device_model": "unknown",
            "device_platform": "ios",
            "device_os_versions": "18.1.1"
        },
        {
            "ip_address": "141.166.140.89",
            "device_model": "unknown",
            "device_platform": "ios",
            "device_os_versions": "18.1.1"
        },
        {
            "ip_address": "172.58.244.49",
            "device_model": "unknown",
            "device_platform": "ios",
            "device_os_versions": "17.6.1"
        },
        {
            "ip_address": "172.56.199.222",
            "device_model": "unknown",
            "device_platform": "ios",
            "device_os_versions": "18.1.1"
        },
        {
            "ip_address": "172.56.74.211",
            "device_model": "unknown",
            "device_platform": "ios",
            "device_os_versions": "18.1.1"
        },
        {
            "ip_address": "141.166.145.144",
            "device_model": "unknown",
            "device_platform": "ios",
            "device_os_versions": "18.1.1"
        },
        {
            "ip_address": "141.166.135.57",
            "device_model": "unknown",
            "device_platform": "ios",
            "device_os_versions": "18.1.1"
        },
        {
            "ip_address": "172.56.217.122",
            "device_model": "unknown",
            "device_platform": "ios",
            "device_os_versions": "17.6.1"
        },
        {
            "ip_address": "172.58.245.181",
            "device_model": "unknown",
            "device_platform": "ios",
            "device_os_versions": "17.6.1"
        },
        {
            "ip_address": "141.166.153.24",
            "device_model": "unknown",
            "device_platform": "ios",
            "device_os_versions": "18.1.1"
        },
        {
            "ip_address": "141.166.135.91",
            "device_model": "unknown",
            "device_platform": "ios",
            "device_os_versions": "17.6.1"
        },
        {
            "ip_address": "172.58.244.226",
            "device_model": "unknown",
            "device_platform": "ios",
            "device_os_versions": "17.6.1"
        },
        {
            "ip_address": "141.166.130.91",
            "device_model": "unknown",
            "device_platform": "ios",
            "device_os_versions": "17.6.1"
        },
        {
            "ip_address": "172.56.198.216",
            "device_model": "unknown",
            "device_platform": "ios",
            "device_os_versions": "18.1.1"
        },
        {
            "ip_address": "141.166.138.100",
            "device_model": "unknown",
            "device_platform": "ios",
            "device_os_versions": "17.6.1"
        },
        {
            "ip_address": "141.166.130.65",
            "device_model": "unknown",
            "device_platform": "ios",
            "device_os_versions": "17.6.1"
        },
        {
            "ip_address": "141.166.134.102",
            "device_model": "unknown",
            "device_platform": "ios",
            "device_os_versions": "18.1.1"
        },
        {
            "ip_address": "172.56.219.242",
            "device_model": "unknown",
            "device_platform": "ios",
            "device_os_versions": "17.6.1"
        },
        {
            "ip_address": "141.166.141.98",
            "device_model": "unknown",
            "device_platform": "ios",
            "device_os_versions": "18.1.1"
        },
        {
            "ip_address": "141.166.146.220",
            "device_model": "unknown",
            "device_platform": "ios",
            "device_os_versions": "18.1.1"
        },
        {
            "ip_address": "141.166.135.13",
            "device_model": "unknown",
            "device_platform": "ios",
            "device_os_versions": "17.6.1"
        },
        {
            "ip_address": "172.56.220.66",
            "device_model": "unknown",
            "device_platform": "ios",
            "device_os_versions": "18.1.1"
        },
        {
            "ip_address": "141.166.147.239",
            "device_model": "unknown",
            "device_platform": "ios",
            "device_os_versions": "18.1.1"
        },
        {
            "ip_address": "141.166.149.43",
            "device_model": "unknown",
            "device_platform": "ios",
            "device_os_versions": "18.1.1"
        },
        {
            "ip_address": "141.166.141.115",
            "device_model": "unknown",
            "device_platform": "ios",
            "device_os_versions": "18.1.1"
        },
        {
            "ip_address": "141.166.148.242",
            "device_model": "unknown",
            "device_platform": "ios",
            "device_os_versions": "17.6.1"
        },
        {
            "ip_address": "141.166.154.54",
            "device_model": "unknown",
            "device_platform": "ios",
            "device_os_versions": "18.3.1"
        },
        {
            "ip_address": "141.166.156.104",
            "device_model": "unknown",
            "device_platform": "ios",
            "device_os_versions": "17.6.1"
        },
        {
            "ip_address": "141.166.152.89",
            "device_model": "unknown",
            "device_platform": "ios",
            "device_os_versions": "18.1.1"
        },
        {
            "ip_address": "141.166.159.13",
            "device_model": "unknown",
            "device_platform": "ios",
            "device_os_versions": "18.1.1"
        },
        {
            "ip_address": "172.56.162.38",
            "device_model": "unknown",
            "device_platform": "ios",
            "device_os_versions": "17.6.1"
        },
        {
            "ip_address": "172.56.194.127",
            "device_model": "unknown",
            "device_platform": "ios",
            "device_os_versions": "17.6.1"
        },
        {
            "ip_address": "172.56.195.63",
            "device_model": "unknown",
            "device_platform": "ios",
            "device_os_versions": "17.6.1"
        },
        {
            "ip_address": "172.56.194.141",
            "device_model": "unknown",
            "device_platform": "ios",
            "device_os_versions": "17.6.1"
        },
        {
            "ip_address": "172.56.194.9",
            "device_model": "unknown",
            "device_platform": "ios",
            "device_os_versions": "17.6.1"
        },
        {
            "ip_address": "172.56.218.66",
            "device_model": "unknown",
            "device_platform": "ios",
            "device_os_versions": "17.6.1"
        },
        {
            "ip_address": "172.56.216.254",
            "device_model": "unknown",
            "device_platform": "ios",
            "device_os_versions": "17.6.1"
        },
        {
            "ip_address": "172.56.198.196",
            "device_model": "unknown",
            "device_platform": "ios",
            "device_os_versions": "18.1.1"
        },
        {
            "ip_address": "172.58.244.100",
            "device_model": "unknown",
            "device_platform": "ios",
            "device_os_versions": "17.6.1"
        },
        {
            "ip_address": "172.56.218.235",
            "device_model": "unknown",
            "device_platform": "ios",
            "device_os_versions": "17.6.1"
        },
        {
            "ip_address": "172.56.199.215",
            "device_model": "unknown",
            "device_platform": "ios",
            "device_os_versions": "18.1.1"
        },
        {
            "ip_address": "172.58.244.157",
            "device_model": "unknown",
            "device_platform": "ios",
            "device_os_versions": "18.1.1"
        },
        {
            "ip_address": "172.56.219.44",
            "device_model": "unknown",
            "device_platform": "ios",
            "device_os_versions": "17.6.1"
        },
        {
            "ip_address": "50.201.115.146",
            "device_model": "unknown",
            "device_platform": "ios",
            "device_os_versions": "18.1.1"
        },
        {
            "ip_address": "205.153.92.156",
            "device_model": "unknown",
            "device_platform": "ios",
            "device_os_versions": "18.1.1"
        },
        {
            "ip_address": "141.166.129.122",
            "device_model": "unknown",
            "device_platform": "ios",
            "device_os_versions": "18.1.1"
        },
        {
            "ip_address": "141.166.128.49",
            "device_model": "unknown",
            "device_platform": "ios",
            "device_os_versions": "18.1.1"
        },
        {
            "ip_address": "141.166.135.196",
            "device_model": "unknown",
            "device_platform": "ios",
            "device_os_versions": "18.1.1"
        },
        {
            "ip_address": "141.166.129.70",
            "device_model": "unknown",
            "device_platform": "ios",
            "device_os_versions": "17.6.1"
        },
        {
            "ip_address": "141.166.141.247",
            "device_model": "unknown",
            "device_platform": "ios",
            "device_os_versions": "17.6.1"
        },
        {
            "ip_address": "141.166.135.99",
            "device_model": "unknown",
            "device_platform": "ios",
            "device_os_versions": "17.6.1"
        },
        {
            "ip_address": "141.166.130.49",
            "device_model": "unknown",
            "device_platform": "ios",
            "device_os_versions": "18.1.1"
        },
        {
            "ip_address": "141.166.143.211",
            "device_model": "unknown",
            "device_platform": "ios",
            "device_os_versions": "18.1.1"
        },
        {
            "ip_address": "141.166.139.21",
            "device_model": "unknown",
            "device_platform": "ios",
            "device_os_versions": "17.6.1"
        },
        {
            "ip_address": "141.166.138.150",
            "device_model": "unknown",
            "device_platform": "ios",
            "device_os_versions": "18.1.1"
        },
        {
            "ip_address": "141.166.143.57",
            "device_model": "unknown",
            "device_platform": "ios",
            "device_os_versions": "17.6.1"
        },
        {
            "ip_address": "141.166.155.193",
            "device_model": "unknown",
            "device_platform": "ios",
            "device_os_versions": "17.6.1"
        },
        {
            "ip_address": "141.166.145.104",
            "device_model": "unknown",
            "device_platform": "ios",
            "device_os_versions": "18.1.1"
        },
        {
            "ip_address": "141.166.155.100",
            "device_model": "unknown",
            "device_platform": "ios",
            "device_os_versions": "18.1.1"
        },
        {
            "ip_address": "141.166.155.88",
            "device_model": "unknown",
            "device_platform": "ios",
            "device_os_versions": "17.6.1"
        },
        {
            "ip_address": "141.166.146.87",
            "device_model": "unknown",
            "device_platform": "ios",
            "device_os_versions": "17.6.1"
        },
        {
            "ip_address": "141.166.157.176",
            "device_model": "unknown",
            "device_platform": "ios",
            "device_os_versions": "18.1.1"
        },
        {
            "ip_address": "141.166.159.4",
            "device_model": "unknown",
            "device_platform": "ios",
            "device_os_versions": "18.1.1"
        },
        {
            "ip_address": "172.56.194.215",
            "device_model": "unknown",
            "device_platform": "ios",
            "device_os_versions": "17.6.1"
        },
        {
            "ip_address": "141.166.158.192",
            "device_model": "unknown",
            "device_platform": "ios",
            "device_os_versions": "18.1.1"
        },
        {
            "ip_address": "172.56.219.35",
            "device_model": "unknown",
            "device_platform": "ios",
            "device_os_versions": "17.6.1"
        },
        {
            "ip_address": "172.56.198.17",
            "device_model": "unknown",
            "device_platform": "ios",
            "device_os_versions": "17.6.1"
        },
        {
            "ip_address": "172.56.199.9",
            "device_model": "unknown",
            "device_platform": "ios",
            "device_os_versions": "18.1.1"
        },
        {
            "ip_address": "141.166.128.184",
            "device_model": "unknown",
            "device_platform": "ios",
            "device_os_versions": "18.1.1"
        },
        {
            "ip_address": "172.56.199.130",
            "device_model": "unknown",
            "device_platform": "ios",
            "device_os_versions": "18.1.1"
        },
        {
            "ip_address": "172.56.218.243",
            "device_model": "unknown",
            "device_platform": "ios",
            "device_os_versions": "17.6.1"
        },
        {
            "ip_address": "141.166.130.173",
            "device_model": "unknown",
            "device_platform": "ios",
            "device_os_versions": "17.6.1"
        },
        {
            "ip_address": "172.56.217.14",
            "device_model": "unknown",
            "device_platform": "ios",
            "device_os_versions": "17.6.1"
        },
        {
            "ip_address": "172.56.218.3",
            "device_model": "unknown",
            "device_platform": "ios",
            "device_os_versions": "17.6.1"
        },
        {
            "ip_address": "141.166.130.6",
            "device_model": "unknown",
            "device_platform": "ios",
            "device_os_versions": "17.6.1"
        },
        {
            "ip_address": "172.56.3.191",
            "device_model": "unknown",
            "device_platform": "ios",
            "device_os_versions": "18.1.1"
        },
        {
            "ip_address": "172.58.242.175",
            "device_model": "unknown",
            "device_platform": "ios",
            "device_os_versions": "17.6.1"
        },
        {
            "ip_address": "141.166.137.37",
            "device_model": "unknown",
            "device_platform": "ios",
            "device_os_versions": "18.1.1"
        },
        {
            "ip_address": "141.166.129.38",
            "device_model": "unknown",
            "device_platform": "ios",
            "device_os_versions": "17.6.1"
        },
        {
            "ip_address": "141.166.135.83",
            "device_model": "unknown",
            "device_platform": "ios",
            "device_os_versions": "17.6.1"
        },
        {
            "ip_address": "141.166.144.244",
            "device_model": "unknown",
            "device_platform": "ios",
            "device_os_versions": "17.6.1"
        },
        {
            "ip_address": "141.166.130.131",
            "device_model": "unknown",
            "device_platform": "ios",
            "device_os_versions": "17.6.1"
        },
        {
            "ip_address": "141.166.141.238",
            "device_model": "unknown",
            "device_platform": "ios",
            "device_os_versions": "17.6.1"
        },
        {
            "ip_address": "141.166.145.145",
            "device_model": "unknown",
            "device_platform": "ios",
            "device_os_versions": "17.6.1"
        },
        {
            "ip_address": "141.166.132.10",
            "device_model": "unknown",
            "device_platform": "ios",
            "device_os_versions": "18.1.1"
        },
        {
            "ip_address": "141.166.148.192",
            "device_model": "unknown",
            "device_platform": "ios",
            "device_os_versions": "17.6.1"
        },
        {
            "ip_address": "141.166.151.187",
            "device_model": "unknown",
            "device_platform": "ios",
            "device_os_versions": "18.1.1"
        },
        {
            "ip_address": "141.166.133.195",
            "device_model": "unknown",
            "device_platform": "ios",
            "device_os_versions": "17.6.1"
        },
        {
            "ip_address": "141.166.150.151",
            "device_model": "unknown",
            "device_platform": "ios",
            "device_os_versions": "17.6.1"
        },
        {
            "ip_address": "141.166.151.206",
            "device_model": "unknown",
            "device_platform": "ios",
            "device_os_versions": "18.1.1"
        },
        {
            "ip_address": "141.166.136.100",
            "device_model": "unknown",
            "device_platform": "ios",
            "device_os_versions": "18.1.1"
        },
        {
            "ip_address": "141.166.150.190",
            "device_model": "unknown",
            "device_platform": "ios",
            "device_os_versions": "17.6.1"
        },
        {
            "ip_address": "141.166.159.147",
            "device_model": "unknown",
            "device_platform": "ios",
            "device_os_versions": "18.1.1, 17.6.1"
        },
        {
            "ip_address": "141.166.141.193",
            "device_model": "unknown",
            "device_platform": "ios",
            "device_os_versions": "17.6.1"
        },
        {
            "ip_address": "141.166.157.4",
            "device_model": "unknown",
            "device_platform": "ios",
            "device_os_versions": "18.1.1"
        },
        {
            "ip_address": "16.98.48.97",
            "device_model": "unknown",
            "device_platform": "ios",
            "device_os_versions": "18.1.1"
        },
        {
            "ip_address": "141.166.141.197",
            "device_model": "unknown",
            "device_platform": "ios",
            "device_os_versions": "17.6.1"
        },
        {
            "ip_address": "172.56.195.119",
            "device_model": "unknown",
            "device_platform": "ios",
            "device_os_versions": "17.6.1"
        },
        {
            "ip_address": "172.56.218.13",
            "device_model": "unknown",
            "device_platform": "ios",
            "device_os_versions": "17.6.1"
        },
        {
            "ip_address": "141.166.146.219",
            "device_model": "unknown",
            "device_platform": "ios",
            "device_os_versions": "17.6.1"
        },
        {
            "ip_address": "172.56.199.243",
            "device_model": "unknown",
            "device_platform": "ios",
            "device_os_versions": "18.1.1"
        },
        {
            "ip_address": "172.56.221.240",
            "device_model": "unknown",
            "device_platform": "ios",
            "device_os_versions": "18.1.1"
        },
        {
            "ip_address": "172.56.193.178",
            "device_model": "unknown",
            "device_platform": "ios",
            "device_os_versions": "17.6.1"
        },
        {
            "ip_address": "172.56.216.6",
            "device_model": "unknown",
            "device_platform": "ios",
            "device_os_versions": "17.6.1"
        },
        {
            "ip_address": "71.63.107.224",
            "device_model": "unknown",
            "device_platform": "ios",
            "device_os_versions": "17.6.1"
        },
        {
            "ip_address": "172.56.195.45",
            "device_model": "unknown",
            "device_platform": "ios",
            "device_os_versions": "17.6.1"
        },
        {
            "ip_address": "141.166.139.117",
            "device_model": "unknown",
            "device_platform": "ios",
            "device_os_versions": "18.1.1"
        },
        {
            "ip_address": "172.56.199.255",
            "device_model": "unknown",
            "device_platform": "ios",
            "device_os_versions": "18.1.1"
        },
        {
            "ip_address": "141.166.139.182",
            "device_model": "unknown",
            "device_platform": "ios",
            "device_os_versions": "18.1.1"
        },
        {
            "ip_address": "172.56.2.246",
            "device_model": "unknown",
            "device_platform": "ios",
            "device_os_versions": "18.1.1"
        },
        {
            "ip_address": "141.166.147.252",
            "device_model": "unknown",
            "device_platform": "ios",
            "device_os_versions": "18.1.1"
        },
        {
            "ip_address": "172.56.218.241",
            "device_model": "unknown",
            "device_platform": "ios",
            "device_os_versions": "17.6.1"
        },
        {
            "ip_address": "141.166.153.13",
            "device_model": "unknown",
            "device_platform": "ios",
            "device_os_versions": "18.1.1"
        },
        {
            "ip_address": "141.166.133.166",
            "device_model": "unknown",
            "device_platform": "ios",
            "device_os_versions": "18.1.1"
        },
        {
            "ip_address": "141.166.157.211",
            "device_model": "unknown",
            "device_platform": "ios",
            "device_os_versions": "17.6.1"
        },
        {
            "ip_address": "141.166.134.89",
            "device_model": "unknown",
            "device_platform": "ios",
            "device_os_versions": "18.1.1"
        },
        {
            "ip_address": "172.56.199.173",
            "device_model": "unknown",
            "device_platform": "ios",
            "device_os_versions": "18.1.1"
        },
        {
            "ip_address": "141.166.138.32",
            "device_model": "unknown",
            "device_platform": "ios",
            "device_os_versions": "17.6.1"
        },
        {
            "ip_address": "172.56.217.100",
            "device_model": "unknown",
            "device_platform": "ios",
            "device_os_versions": "17.6.1"
        },
        {
            "ip_address": "141.166.142.208",
            "device_model": "unknown",
            "device_platform": "ios",
            "device_os_versions": "18.1.1"
        },
        {
            "ip_address": "172.56.33.253",
            "device_model": "unknown",
            "device_platform": "ios",
            "device_os_versions": "17.6.1"
        },
        {
            "ip_address": "141.166.143.190",
            "device_model": "unknown",
            "device_platform": "ios",
            "device_os_versions": "17.6.1"
        },
        {
            "ip_address": "172.58.244.27",
            "device_model": "unknown",
            "device_platform": "ios",
            "device_os_versions": "18.1.1"
        },
        {
            "ip_address": "141.166.152.31",
            "device_model": "unknown",
            "device_platform": "ios",
            "device_os_versions": "17.6.1"
        },
        {
            "ip_address": "141.166.140.86",
            "device_model": "unknown",
            "device_platform": "ios",
            "device_os_versions": "17.6.1"
        },
        {
            "ip_address": "172.56.194.245",
            "device_model": "unknown",
            "device_platform": "ios",
            "device_os_versions": "17.6.1"
        },
        {
            "ip_address": "141.166.143.128",
            "device_model": "unknown",
            "device_platform": "ios",
            "device_os_versions": "17.6.1"
        },
        {
            "ip_address": "141.166.132.129",
            "device_model": "unknown",
            "device_platform": "ios",
            "device_os_versions": "17.6.1"
        },
        {
            "ip_address": "141.166.152.16",
            "device_model": "unknown",
            "device_platform": "ios",
            "device_os_versions": "17.6.1"
        },
        {
            "ip_address": "141.166.142.234",
            "device_model": "unknown",
            "device_platform": "ios",
            "device_os_versions": "17.6.1"
        },
        {
            "ip_address": "141.166.154.204",
            "device_model": "unknown",
            "device_platform": "ios",
            "device_os_versions": "17.6.1"
        },
        {
            "ip_address": "172.56.167.143",
            "device_model": "unknown",
            "device_platform": "ios",
            "device_os_versions": "18.1.1"
        },
        {
            "ip_address": "172.56.198.248",
            "device_model": "unknown",
            "device_platform": "ios",
            "device_os_versions": "18.1.1"
        },
        {
            "ip_address": "172.56.28.103",
            "device_model": "unknown",
            "device_platform": "ios",
            "device_os_versions": "17.6.1"
        },
        {
            "ip_address": "172.56.32.34",
            "device_model": "unknown",
            "device_platform": "ios",
            "device_os_versions": "17.6.1"
        },
        {
            "ip_address": "141.166.138.104",
            "device_model": "unknown",
            "device_platform": "ios",
            "device_os_versions": "18.1.1"
        },
        {
            "ip_address": "141.166.129.174",
            "device_model": "unknown",
            "device_platform": "ios",
            "device_os_versions": "17.6.1"
        },
        {
            "ip_address": "141.166.145.203",
            "device_model": "unknown",
            "device_platform": "ios",
            "device_os_versions": "17.6.1"
        },
        {
            "ip_address": "141.166.137.96",
            "device_model": "unknown",
            "device_platform": "ios",
            "device_os_versions": "18.1.1"
        },
        {
            "ip_address": "141.166.147.117",
            "device_model": "unknown",
            "device_platform": "ios",
            "device_os_versions": "17.6.1"
        },
        {
            "ip_address": "141.166.149.127",
            "device_model": "unknown",
            "device_platform": "ios",
            "device_os_versions": "18.1.1"
        },
        {
            "ip_address": "141.166.153.152",
            "device_model": "unknown",
            "device_platform": "ios",
            "device_os_versions": "18.1.1"
        },
        {
            "ip_address": "141.166.149.179",
            "device_model": "unknown",
            "device_platform": "ios",
            "device_os_versions": "17.6.1"
        },
        {
            "ip_address": "172.56.195.175",
            "device_model": "unknown",
            "device_platform": "ios",
            "device_os_versions": "17.6.1"
        },
        {
            "ip_address": "141.166.151.204",
            "device_model": "unknown",
            "device_platform": "ios",
            "device_os_versions": "18.1.1"
        },
        {
            "ip_address": "172.56.195.249",
            "device_model": "unknown",
            "device_platform": "ios",
            "device_os_versions": "18.1.1"
        },
        {
            "ip_address": "141.166.153.101",
            "device_model": "unknown",
            "device_platform": "ios",
            "device_os_versions": "18.1.1"
        },
        {
            "ip_address": "172.56.217.30",
            "device_model": "unknown",
            "device_platform": "ios",
            "device_os_versions": "17.6.1"
        },
        {
            "ip_address": "141.166.157.146",
            "device_model": "unknown",
            "device_platform": "ios",
            "device_os_versions": "17.6.1"
        },
        {
            "ip_address": "141.166.135.120",
            "device_model": "unknown",
            "device_platform": "ios",
            "device_os_versions": "17.6.1"
        },
        {
            "ip_address": "172.56.193.220",
            "device_model": "unknown",
            "device_platform": "ios",
            "device_os_versions": "18.1.1"
        },
        {
            "ip_address": "141.166.148.141",
            "device_model": "unknown",
            "device_platform": "ios",
            "device_os_versions": "18.1.1"
        },
        {
            "ip_address": "172.56.195.209",
            "device_model": "unknown",
            "device_platform": "ios",
            "device_os_versions": "17.6.1"
        },
        {
            "ip_address": "141.166.155.11",
            "device_model": "unknown",
            "device_platform": "ios",
            "device_os_versions": "17.6.1"
        },
        {
            "ip_address": "172.56.221.14",
            "device_model": "unknown",
            "device_platform": "ios",
            "device_os_versions": "18.1.1"
        },
        {
            "ip_address": "141.166.157.198",
            "device_model": "unknown",
            "device_platform": "ios",
            "device_os_versions": "18.1.1"
        },
        {
            "ip_address": "141.166.133.124",
            "device_model": "unknown",
            "device_platform": "ios",
            "device_os_versions": "17.6.1"
        },
        {
            "ip_address": "141.166.157.94",
            "device_model": "unknown",
            "device_platform": "ios",
            "device_os_versions": "18.1.1"
        },
        {
            "ip_address": "141.166.139.130",
            "device_model": "unknown",
            "device_platform": "ios",
            "device_os_versions": "18.1.1"
        },
        {
            "ip_address": "141.166.138.51",
            "device_model": "unknown",
            "device_platform": "ios",
            "device_os_versions": "17.6.1"
        },
        {
            "ip_address": "141.166.142.124",
            "device_model": "unknown",
            "device_platform": "ios",
            "device_os_versions": "17.6.1"
        },
        {
            "ip_address": "141.166.155.81",
            "device_model": "unknown",
            "device_platform": "ios",
            "device_os_versions": "18.1.1"
        },
        {
            "ip_address": "172.56.193.221",
            "device_model": "unknown",
            "device_platform": "ios",
            "device_os_versions": "18.1.1"
        },
        {
            "ip_address": "141.166.158.241",
            "device_model": "unknown",
            "device_platform": "ios",
            "device_os_versions": "17.6.1"
        },
        {
            "ip_address": "172.56.194.112",
            "device_model": "unknown",
            "device_platform": "ios",
            "device_os_versions": "17.6.1"
        },
        {
            "ip_address": "141.166.132.121",
            "device_model": "unknown",
            "device_platform": "ios",
            "device_os_versions": "17.6.1"
        },
        {
            "ip_address": "172.56.198.10",
            "device_model": "unknown",
            "device_platform": "ios",
            "device_os_versions": "17.6.1"
        },
        {
            "ip_address": "141.166.137.252",
            "device_model": "unknown",
            "device_platform": "ios",
            "device_os_versions": "17.6.1"
        },
        {
            "ip_address": "172.56.199.108",
            "device_model": "unknown",
            "device_platform": "ios",
            "device_os_versions": "18.1.1"
        },
        {
            "ip_address": "141.166.140.113",
            "device_model": "unknown",
            "device_platform": "ios",
            "device_os_versions": "18.1.1"
        },
        {
            "ip_address": "172.56.219.37",
            "device_model": "unknown",
            "device_platform": "ios",
            "device_os_versions": "17.6.1"
        },
        {
            "ip_address": "141.166.144.111",
            "device_model": "unknown",
            "device_platform": "ios",
            "device_os_versions": "17.6.1"
        },
        {
            "ip_address": "172.58.245.31",
            "device_model": "unknown",
            "device_platform": "ios",
            "device_os_versions": "17.6.1"
        },
        {
            "ip_address": "141.166.146.196",
            "device_model": "unknown",
            "device_platform": "ios",
            "device_os_versions": "18.1.1"
        },
        {
            "ip_address": "141.166.130.105",
            "device_model": "unknown",
            "device_platform": "ios",
            "device_os_versions": "18.1.1"
        },
        {
            "ip_address": "141.166.147.178",
            "device_model": "unknown",
            "device_platform": "ios",
            "device_os_versions": "17.6.1"
        },
        {
            "ip_address": "141.166.130.219",
            "device_model": "unknown",
            "device_platform": "ios",
            "device_os_versions": "17.6.1"
        },
        {
            "ip_address": "141.166.149.160",
            "device_model": "unknown",
            "device_platform": "ios",
            "device_os_versions": "17.6.1"
        },
        {
            "ip_address": "141.166.131.7",
            "device_model": "unknown",
            "device_platform": "ios",
            "device_os_versions": "18.1.1"
        },
        {
            "ip_address": "172.56.195.103",
            "device_model": "unknown",
            "device_platform": "ios",
            "device_os_versions": "17.6.1"
        },
        {
            "ip_address": "141.166.140.19",
            "device_model": "unknown",
            "device_platform": "ios",
            "device_os_versions": "17.6.1"
        },
        {
            "ip_address": "172.56.197.25",
            "device_model": "unknown",
            "device_platform": "ios",
            "device_os_versions": "18.1.1"
        },
        {
            "ip_address": "141.166.145.157",
            "device_model": "unknown",
            "device_platform": "ios",
            "device_os_versions": "17.6.1"
        },
        {
            "ip_address": "172.56.198.150",
            "device_model": "unknown",
            "device_platform": "ios",
            "device_os_versions": "18.1.1"
        },
        {
            "ip_address": "141.166.146.239",
            "device_model": "unknown",
            "device_platform": "ios",
            "device_os_versions": "18.1.1"
        },
        {
            "ip_address": "172.56.33.254",
            "device_model": "unknown",
            "device_platform": "ios",
            "device_os_versions": "17.6.1"
        },
        {
            "ip_address": "141.166.157.185",
            "device_model": "unknown",
            "device_platform": "ios",
            "device_os_versions": "18.1.1"
        },
        {
            "ip_address": "141.166.129.134",
            "device_model": "unknown",
            "device_platform": "ios",
            "device_os_versions": "18.1.1"
        },
        {
            "ip_address": "172.56.192.24",
            "device_model": "unknown",
            "device_platform": "ios",
            "device_os_versions": "17.6.1"
        },
        {
            "ip_address": "141.166.132.191",
            "device_model": "unknown",
            "device_platform": "ios",
            "device_os_versions": "17.6.1"
        },
        {
            "ip_address": "172.56.195.227",
            "device_model": "unknown",
            "device_platform": "ios",
            "device_os_versions": "17.6.1"
        },
        {
            "ip_address": "141.166.137.117",
            "device_model": "unknown",
            "device_platform": "ios",
            "device_os_versions": "18.1.1"
        },
        {
            "ip_address": "141.166.130.40",
            "device_model": "unknown",
            "device_platform": "ios",
            "device_os_versions": "17.6.1"
        },
        {
            "ip_address": "141.166.142.58",
            "device_model": "unknown",
            "device_platform": "ios",
            "device_os_versions": "17.6.1"
        },
        {
            "ip_address": "141.166.140.109",
            "device_model": "unknown",
            "device_platform": "ios",
            "device_os_versions": "17.6.1"
        },
        {
            "ip_address": "141.166.148.249",
            "device_model": "unknown",
            "device_platform": "ios",
            "device_os_versions": "17.6.1"
        },
        {
            "ip_address": "141.166.140.174",
            "device_model": "unknown",
            "device_platform": "ios",
            "device_os_versions": "17.6.1"
        },
        {
            "ip_address": "141.166.151.189",
            "device_model": "unknown",
            "device_platform": "ios",
            "device_os_versions": "17.6.1"
        },
        {
            "ip_address": "141.166.142.153",
            "device_model": "unknown",
            "device_platform": "ios",
            "device_os_versions": "18.1.1"
        },
        {
            "ip_address": "141.166.156.163",
            "device_model": "unknown",
            "device_platform": "ios",
            "device_os_versions": "17.6.1"
        },
        {
            "ip_address": "141.166.143.79",
            "device_model": "unknown",
            "device_platform": "ios",
            "device_os_versions": "18.1.1"
        },
        {
            "ip_address": "141.166.158.181",
            "device_model": "unknown",
            "device_platform": "ios",
            "device_os_versions": "17.6.1"
        },
        {
            "ip_address": "141.166.149.17",
            "device_model": "unknown",
            "device_platform": "ios",
            "device_os_versions": "18.3.1"
        },
        {
            "ip_address": "172.56.194.147",
            "device_model": "unknown",
            "device_platform": "ios",
            "device_os_versions": "17.6.1"
        },
        {
            "ip_address": "172.56.195.211",
            "device_model": "unknown",
            "device_platform": "ios",
            "device_os_versions": "17.6.1"
        },
        {
            "ip_address": "172.56.194.17",
            "device_model": "unknown",
            "device_platform": "ios",
            "device_os_versions": "17.6.1"
        },
        {
            "ip_address": "172.56.198.159",
            "device_model": "unknown",
            "device_platform": "ios",
            "device_os_versions": "18.1.1"
        },
        {
            "ip_address": "172.56.199.162",
            "device_model": "unknown",
            "device_platform": "ios",
            "device_os_versions": "18.1.1"
        },
        {
            "ip_address": "172.56.198.205",
            "device_model": "unknown",
            "device_platform": "ios",
            "device_os_versions": "18.1.1"
        },
        {
            "ip_address": "172.56.199.192",
            "device_model": "unknown",
            "device_platform": "ios",
            "device_os_versions": "18.1.1"
        },
        {
            "ip_address": "172.56.199.245",
            "device_model": "unknown",
            "device_platform": "ios",
            "device_os_versions": "18.1.1"
        },
        {
            "ip_address": "172.56.218.86",
            "device_model": "unknown",
            "device_platform": "ios",
            "device_os_versions": "17.6.1"
        },
        {
            "ip_address": "172.56.3.101",
            "device_model": "unknown",
            "device_platform": "ios",
            "device_os_versions": "18.1.1"
        },
        {
            "ip_address": "172.58.245.117",
            "device_model": "unknown",
            "device_platform": "ios",
            "device_os_versions": "17.6.1"
        },
        {
            "ip_address": "172.56.33.94",
            "device_model": "unknown",
            "device_platform": "ios",
            "device_os_versions": "17.6.1"
        },
        {
            "ip_address": "185.104.139.73",
            "device_model": "unknown",
            "device_platform": "ios",
            "device_os_versions": "17.6.1"
        },
        {
            "ip_address": "141.166.129.51",
            "device_model": "unknown",
            "device_platform": "ios",
            "device_os_versions": "18.1.1"
        },
        {
            "ip_address": "24.97.201.132",
            "device_model": "unknown",
            "device_platform": "ios",
            "device_os_versions": "17.6.1"
        },
        {
            "ip_address": "141.166.144.219",
            "device_model": "unknown",
            "device_platform": "ios",
            "device_os_versions": "17.6.1"
        },
        {
            "ip_address": "141.166.129.2",
            "device_model": "unknown",
            "device_platform": "ios",
            "device_os_versions": "18.1.1"
        },
        {
            "ip_address": "172.56.217.148",
            "device_model": "unknown",
            "device_platform": "ios",
            "device_os_versions": "17.6.1"
        },
        {
            "ip_address": "141.166.129.221",
            "device_model": "unknown",
            "device_platform": "ios",
            "device_os_versions": "17.6.1"
        },
        {
            "ip_address": "172.58.244.217",
            "device_model": "unknown",
            "device_platform": "ios",
            "device_os_versions": "17.6.1"
        },
        {
            "ip_address": "141.166.140.117",
            "device_model": "unknown",
            "device_platform": "ios",
            "device_os_versions": "18.1.1"
        },
        {
            "ip_address": "172.58.245.81",
            "device_model": "unknown",
            "device_platform": "ios",
            "device_os_versions": "17.6.1"
        },
        {
            "ip_address": "141.166.142.238",
            "device_model": "unknown",
            "device_platform": "ios",
            "device_os_versions": "18.1.1"
        },
        {
            "ip_address": "12.191.77.61",
            "device_model": "unknown",
            "device_platform": "ios",
            "device_os_versions": "18.1.1"
        },
        {
            "ip_address": "141.166.147.103",
            "device_model": "unknown",
            "device_platform": "ios",
            "device_os_versions": "18.1.1"
        },
        {
            "ip_address": "141.166.141.158",
            "device_model": "unknown",
            "device_platform": "ios",
            "device_os_versions": "17.6.1"
        },
        {
            "ip_address": "172.56.193.252",
            "device_model": "unknown",
            "device_platform": "ios",
            "device_os_versions": "18.1.1"
        },
        {
            "ip_address": "172.56.192.180",
            "device_model": "unknown",
            "device_platform": "ios",
            "device_os_versions": "17.6.1"
        },
        {
            "ip_address": "172.56.194.205",
            "device_model": "unknown",
            "device_platform": "ios",
            "device_os_versions": "17.6.1"
        },
        {
            "ip_address": "172.56.28.69",
            "device_model": "unknown",
            "device_platform": "ios",
            "device_os_versions": "17.6.1"
        },
        {
            "ip_address": "172.56.194.59",
            "device_model": "unknown",
            "device_platform": "ios",
            "device_os_versions": "17.6.1"
        },
        {
            "ip_address": "172.59.187.231",
            "device_model": "unknown",
            "device_platform": "ios",
            "device_os_versions": "18.1.1"
        },
        {
            "ip_address": "73.216.148.162",
            "device_model": "unknown",
            "device_platform": "ios",
            "device_os_versions": "18.1.1"
        }
    ],
    "installs": [
        {
            "ip_address": "172.56.162.38",
            "idfv": "E2CFA341-04F3-43E5-945A-9C88FF5E9288",
            "user_agent": "Hinge/11556 CFNetwork/1498.700.2 Darwin/23.6.0",
            "install_time": "2024-06-27 01:24:59"
        },
        {
            "ip_address": "205.153.92.156",
            "idfv": "704018E3-2130-461A-8AF7-CA11FE7BE60B",
            "user_agent": "Hinge/11574 CFNetwork/1568.200.51 Darwin/24.1.0",
            "install_time": "2025-02-17 01:19:01"
        }
    ]
}